826,1,TM,ACP
AAKKWAKAKWAKAKKWAKAA,1
AAVPIVNLKDELLFPSWEALFSGSE,1
AAWKWAWAKKWAKAKKWAKAA,1
AFGMALKLLKKVL,1
AIGKFLHSAKKFGKAFVGEIMNS,1
AIGSILGALAKGLPTLISWIKNR,1
AKRHHGYKRKFH,1
ALSKALSKALSKALSKALSKALSK,1
ALWKDILKNVGKAAGKAVLNTVTDMVNQ,1
ALWKNMLKGIGKLAGQAALGAVKTLVGA,1
AWKKWAKAWKWAKAKWWAKAA,1
AWKLFDDGV,1
ESFSDWWKLLAE,1
ETFADWWKLLAE,1
ETFSDLWKLL,1
ETFSDWWKLLAE,1
ETWRTEAPSATGQASSLLGGRLLGQ,1
FAFAKIIAKIAKKII,1
FAFGKGIGKIGKKGL,1
FAFGKGIGKVGKKLL,1
FAKAIAKIAFGKGIGKVGKKLL,1
FAKALAKLAKKLL,1
FAKALKALLKALKAL,1
FAKFLAKFLKKAL,1
FAKGVGKVGKKAL,1
FAKIIAKIAKIAKKIL,1
FAKIIAKIAKKI,1
FAKKALKALKKL,1
FAKKFAKKFKKFAKKFAKFAFAF,1
FAKKLAKALL,1
FAKKLAKKAKLAKKL,1
FAKKLAKKLAKAAL,1
FAKKLAKKLAKAL,1
FAKKLAKKLAKLAL,1
FAKKLAKKLAKLL,1
FAKKLAKKLKKLAKKLAK,1
FAKKLAKKLKKLAKKLAKKWKL,1
FAKKLAKKLKKLAKKLAKLAKKL,1
FAKKLAKKLKKLAKKLAKLALAL,1
FAKKLAKKLKKLAKKLIGAVLKV,1
FAKKLAKKLKKLAKLALAK,1
FAKKLAKKLKKLAKLALAL,1
FAKKLAKKLL,1
FAKKLAKLAKKALAL,1
FAKKLAKLAKKL,1
FAKKLAKLAKKLAKAL,1
FAKKLAKLAKKLAKLAL,1
FAKKLAKLAKKLAKLALAL,1
FAKKLAKLAKKLLAL,1
FAKKLAKLALKLAKL,1
FAKKLKKLAKKL,1
FAKKLKKLAKLAKKL,1
FAKKLLAKALKL,1
FAKLAKKALAKLL,1
FAKLAKKLL,1
FAKLFAKAFKKAL,1
FAKLFAKLAKKFAL,1
FAKLLAKAFKKAL,1
FAKLLAKALKKAL,1
FAKLLAKALKKFAL,1
FAKLLAKALKKFL,1
FAKLLAKALKKL,1
FAKLLAKALKKLL,1
FAKLLAKALKLKL,1
FAKLLAKFLKKAL,1
FAKLLAKKLL,1
FAKLLAKLAK,1
FAKLLAKLAKAKA,1
FAKLLAKLAKAKG,1
FAKLLAKLAKAKL,1
FAKLLAKLAKK,1
FAKLLAKLAKKAA,1
FAKLLAKLAKKAL,1
FAKLLAKLAKKEL,1
FAKLLAKLAKKFAL,1
FAKLLAKLAKKGL,1
FAKLLAKLAKKIL,1
FAKLLAKLAKKL,1
FAKLLAKLAKKLL,1
FAKLLAKLAKKSL,1
FAKLLAKLAKKVL,1
FAKLLAKLAKLKL,1
FAKLLALALKLKL,1
FAKLLFKALKKAL,1
FAKLLKLAAKKLL,1
FAKLWAKLAFGKGIGKVGKKLL,1
FAKLWAKLAKKL,1
FALAAKALKKLAKKLKKLAKKAL,1
FALAKALKKAL,1
FALAKKALKKAKKAL,1
FALAKLAKKAKAKLKKALKAL,1
FALALKAKKL,1
FALALKALKK,1
FALALKALKKA,1
FALALKALKKAL,1
FALALKALKKALKKLKKALKKAL,1
FALALKALKKL,1
FALALKALKKLAKKLKKLAKKAL,1
FALALKALKKLKKALKKAL,1
FALALKALKKLLKKLKKLAKKAL,1
FALALKKALKALKKAL,1
FALALKLAKKAL,1
FALALKLAKKL,1
FALALKLKKL,1
FALKALKK,1
FALKALKKAL,1
FALKALKKLKKALKKAL,1
FALLKALKKAL,1
FALLKALLKKAL,1
FAVGLRAIKRALKKLRRGVRKVAKDL,1
FFGWLIKGAIHAGKAIHGLIHRRRH,1
FFHHIFRGIVHVGKTIHRLVTG,1
FGKGIGKVGKKLL,1
FIFHIIKGLFHAGKMI,1
FKLAFKLAKKAFL,1
FKLFKKIPKFLHLAKKF,1
FKRIVQRIKDFLR,1
FKRIVQRIKDFLRNLV,1
FKRLAKIKVLRLAKIKR,1
FKVKFKVKVK,1
FLGALFHALSKLL,1
FLGALFKALSHLL,1
FLGALFKALSKLL,1
FLGMIPGLIGGLISAFK,1
FLGMIPKLIKKLIKAFK,1
FLGWLFKWAKK,1
FLGWLFKWAWK,1
FLKLLAGLLKNFA,1
FLKLLKKLAAKLF,1
FLKWLFKWAKK,1
FLPLIGRVLSGIL,1
FLSLIPKLVKKIIKAFK,1
FLSLIPSLVGGSISAFK,1
FLWWLFKWAWK,1
FRKSKEKIGKEFKRIVQRIKDFLRNLV,1
FVDLKKIANIINSIF,1
FVQWFSKFLGRIL,1
GFFALIPKIISSPLFKTLLSAVGSALS,1
GFGMALKLLKKVL,1
GFGMALRLLRRVL,1
GFIFHIIKGLFHAGKMIHGLV,1
GFKDLLKGAAKALVKTVLF,1
GFKMALKLLKKVL,1
GFVDFLKKVAGTIANVVT,1
GGLRSLGRKILRAWKKYGPIIVPIIRIG,1
GIGAVLKVLTTGLPALISWIKRKRQQ,1
GIGGKILSGLKTALKGAAKELASTYLH,1
GIGGVLLSAGKAALKGLAKVLAEKYAN,1
GIGKFLHAAKKFAKAFVAEIMNS,1
GIGKFLHSAKKFAKAFVAEIMNS,1
GIGKFLHSAKKFGKAFVGEIMNS,1
GIGKFLKKAKKFAKAFVKIINN,1
GIGKFLKKAKKFGKAFVKILKK,1
GIGTKILGGVKTALKGALKELASTYAN,1
GIGVLLSAGKAALKGLAKVLAEKYAN,1
GIIKKIIIKKI,1
GIIKKIIIKKIIIKKI,1
GIIKKIIIKKIIIKKIIIKKI,1
GIIKKIIKKI,1
GIIKKIIKKIIKKI,1
GIIKKIIKKIIKKIIKKI,1
GKFMSLLKHILK,1
GKWKKILGHLIR,1
GKWKKILGKLIR,1
GKWKSLLKHILK,1
GKWLSLLKHILK,1
GKWMKLLKHILK,1
GKWMSFLKHILK,1
GKWMSLLKHILK,1
GKWMSLLKHIWK,1
GKWMSLLKHWLK,1
GKWMSLLKKILK,1
GKWMSLWKHILK,1
GKWMTLLKHILK,1
GKWSKILGHLIR,1
GKWSKILGKLIR,1
GLFAVIKKVAAVIKKL,1
GLFAVIKKVAAVIRRL,1
GLFAVIKKVAKVIKKL,1
GLFAVIKKVASVIGGL,1
GLFAVIKKVASVIKGL,1
GLFAVIKKVASVIKKL,1
GLFDIAKKVIGVIGSL,1
GLFDIIKKIAESF,1
GLFDIIKKIAESI,1
GLFDIIKKVASVIGGL,1
GLFDIIKKVASVVGGL,1
GLFDIVKKIAGHIAGSI,1
GLFDIVKKIAGHIASSI,1
GLFDIVKKIAGHIVSSI,1
GLFDIVKKVVGAFGSL,1
GLFDIVKKVVGAIGSL,1
GLFDIVKKVVGALGSL,1
GLFDIVKKVVGTLAGL,1
GLFDVIAKVASVIKKL,1
GLFDVIKAVASVIGGL,1
GLFDVIKKVAAVIGGL,1
GLFDVIKKVASVIGGL,1
GLFDVIKKVASVIKGL,1
GLFDVIKKVASVIKKL,1
GLFGKLIKKFARKAISYAVKKARGKH,1
GLFGKLIKKFGRKAISYAVKKARGKH,1
GLFGVLGSIAKHVLPHVVPVIAEK,1
GLFKVIKKVAKVIKKL,1
GLFKVIKKVASVIGGL,1
GLFKVLGSVAKHLLPHVAPVIAEK,1
GLFKVLGSVAKHLLPHVVPVIAEK,1
GLFSVLGAVAKHVLPHVVPVIAEK,1
GLFVGLAKVAAHNNPAIAEHFQA,1
GLFVGVLAKVAAHVVPAIAEHF,1
GLLDIVKKVVGAFGSL,1
GLLGLLGSVVSHVLPAITQHL,1
GLLGLLGSVVSHVVPAIVGHF,1
GLLGPLLKIAAKVGSNLL,1
GLLQTIKEKLESLESLAKGIVSGIQA,1
GLLSVLGSVAKHVLPHVVPVIAEHL,1
GLLSVLGSVAKHVLPHVVPVIAEKL,1
GMWKKILGHLIR,1
GMWKKILGKLIR,1
GMWSKILGHLIK,1
GMWSKILGHLIR,1
GMWSKILGHLKR,1
GMWSKILGKLIR,1
GMWSKILKHLIR,1
GMWSKLLGHLLR,1
GRFKRFRKKFKKLFKKLSPVIPLLHLG,1
GRKKRRQRRR,1
GRKKRRQRRRGGWMWVTNLRTD,1
GRRKRKWLRRIGKGVKIIGGAALDHL,1
GSEGPLKPGARIFSFDGKDVLRHPT,1
GTGLPMSERRKIMLMMR,1
GWRTLLKKAEVKTVGKLALKHYL,1
HGVSGHGQHGVHG,1
HHPHGHHPHG,1
HHPHGHHPHGHHPHG,1
HHPHGHHPHGHHPHGHHPHG,1
HPTWPQKSVWHGSDPNGRRLTESY,1
HSHRDFQPVLHLVALNSPLSGGMRG,1
IDWKKLLDAAKQIL,1
IGKEFKRIVQRIKDFLRNLVPRTES,1
ILGPVISTIGGVLGGLLKNL,1
ILPILSLIGGLLGK,1
ILPWKWPWWPWRR,1
ILRWPWWPWRRK,1
IVRRADRAAVP,1
KAAKKAAKAAKKAAKAAKKAA,1
KAAKKAWKAAKKAAKWWKKAA,1
KAAKKAWKAAKKAWKAAKKAA,1
KAAKKAWKAWKKAAKAAWKKAA,1
KAAKKAWKWAKKAAKWAKKAA,1
KAAKKWAKAAKKAAKAWKKAA,1
KAAKKWAKAAKKWAKAWKKAA,1
KAAKKWAKAWKKAAKAWKKAA,1
KAKLAKKALAKLL,1
KFKKLAKKF,1
KFKKLAKKW,1
KIAKVALAKLGIGAVLKVLTTGL,1
KIFGSLAFL,1
KILRGVAKKILRTFLRRISKDILTGKK,1
KILRGVAKKIMRTFLRRILTGKK,1
KILRGVAKKIMRTFLRRISKDILTGKK,1
KILRGVAKKIMRTFLRRISKKILTGKK,1
KISKRILTGKK,1
KKKFPWWWPFKKK,1
KKKFPWWWPFKKKKKKFPWWWPFKKKK,1
KKVVFKVKFK,1
KLAKKLAKLAKLAKAL,1
KLAKLAKKLAKLAK,1
KLALKLALKALKAAKLA,1
KLLKLLLKLYKKLLKLL,1
KMWSKILGHLIR,1
KNWKKILGKIIKVVK,1
KNWKKILKKIIKVVK,1
KRLRRVWRRWR,1
KSSAYSLQMGATAIKQVKKLFKKWGW,1
KTKLFKKFAKKLAKKLKKLAKKL,1
KVKVKVKVPPTKVKVKVK,1
KWFKKIPKFLHLAKKF,1
KWFKKIPKFLHLLKKF,1
KWKFKKIPKFLHLAKKF,1
KWKKFLKIGIGKFLHLAKKF,1
KWKKLAKKW,1
KWKKLLKKPPPLLKKLLKKL,1
KWKLAKKALALL,1
KWKLFAKIGIGKFLHLAKKF,1
KWKLFKKALKKLKKALKKAL,1
KWKLFKKIGAVLKVL,1
KWKLFKKIGIGAFLHLAKKF,1
KWKLFKKIGIGAFLHSAKKF,1
KWKLFKKIGIGAVLKVLKKG,1
KWKLFKKIGIGAVLKVLTTG,1
KWKLFKKIGIGKFKLAKKF,1
KWKLFKKIGIGKFLHLAKKF,1
KWKLFKKIGIGKFLHSAKKF,1
KWKLFKKIGIGKFLHSATTF,1
KWKLFKKIGPGKFLHSAKKF,1
KWKLFKKIKFLHSAKKF,1
KWKLFKKILKFLHLAKKF,1
KWKLFKKIPFLHLAKKF,1
KWKLFKKIPHLAKKF,1
KWKLFKKIPKFLH,1
KWKLFKKIPKFLHL,1
KWKLFKKIPKFLHLA,1
KWKLFKKIPKFLHLAK,1
KWKLFKKIPKFLHLAKK,1
KWKLFKKIPKFLHLAKKF,1
KWKLFKKIPKFLHSAKKF,1
KWKLFKKIPLAKKF,1
KWKLFKKIPLHLAKKF,1
KWKLFKKIPLKKF,1
KWKLFKKISKFLHLAKKF,1
KWKLFKKKTKLFKKFAKKLAKKL,1
KWKSFAKTFKSAKKTVAHTALKAISS,1
KWKSFAKTFKSAKKTVLHTALKAISS,1
KWKSFLKTFKSAKKTVAHTAAKAISS,1
KWKSFLKTFKSAKKTVAHTALKAISS,1
KWKSFLKTFKSAKKTVLHTALKAISS,1
KWKSFLKTFKSAKKTVLHTLLKAISS,1
KWKSFLKTFKSLKKTVLHTALKAISS,1
KWKSFLKTFKSLKKTVLHTLLKAISS,1
KWKSFLKTFKSLKKTVLHTLLKLISS,1
KWLRRVWRWWR,1
KWWKKAAKAAKKAAKAAKKWA,1
KYKKALKKLAKLL,1
LFGMALKLLKKVL,1
LGGIVSAVKKIVDFLG,1
LGQSAASAHHAYIVLAIENSFMTASKKK,1
LIAHNQVRQV,1
LKKLAKLALAF,1
LKLKSIVSWAKKVL,1
LLGDFFRKSKEK,1
LLGDFKRIVQRIKDF,1
LLGMIPLAISAISALSKL,1
LLRHVVKILEKYL,1
LLRHVVKILSKYL,1
LTAEHYAAQATS,1
LTFEHYWAQLTS,1
LTFSDWWKLLAE,1
MPKEKVFLKIEKMGRNIRN,1
MRGIRGADFQAFQQARAVGLAGTFR,1
MRKEFHNVLSSGQLLADKRPARDYNRK,1
MRKWFHNVLSSGQLLADKWPAWDYNRK,1
MWKEFHNVLSSGQLLADKRWARWYNRW,1
MWKWFHNVLSSGQLLADKWWAWWYNWW,1
MWKWFHNVLSSWQLLADKRPARDYNRK,1
MWKWFHNVLSWWWLLADKRPARDYNRK,1
NKWKKILGKIIKVVK,1
NVWKKILGKIIKVVK,1
PAARKAARWAWRMLKKGA,1
PAARKAFRWAWRMLKKAA,1
PAWAKAFRAAARMKLKAA,1
PAWFKARRWAWRMKKLAA,1
PAWFKARRWAWRMLKKAA,1
PAWRKAARWAWRMLKKAA,1
PAWRKAFRAAWRMLKKAA,1
PAWRKAFRKAWRMLKKAA,1
PAWRKAFRWAARMLKKAA,1
PAWRKAFRWAKRMLKKAA,1
PAWRKAFRWAWRMKKLAA,1
PAWRKAFRWAWRMLKKAA,1
PAWRKARRWARRMKKLAA,1
PAWRKARRWAWRMKKLAA,1
PLLQATLGGGS,1
PRAWEYWLRLME,1
PRFWEAWLRLME,1
PRFWEYALRLME,1
PRFWEYWLALME,1
PRFWEYWLRAME,1
PRFWEYWLRLAE,1
PRFWEYWLRLME,1
QETFSDLWKLLP,1
RAGLQFPVGRLLRRLLRRLLR,1
RGDLLRHVVKILEKYL,1
RGDLLRHVVKILSKYL,1
RKKRRQRRR,1
RWGKWFKKATHVGKHVGKAALTAYL,1
SIGAKILGGVKTFFKGALKELASTYLQ,1
TAGIKLTVPIEKFPVTTQTFWG,1
TFRAFLSSRLQDLYSIVRRADRAAV,1
TKPRKTKPRKTKPRKTKPR,1
TRSSRAGLQFPVGRVHRLLRK,1
VAKALAKALLKALKAL,1
VAKALKALLKALKAL,1
VAKFLAKFLKKAL,1
VAKKFAKKFKKFAKKFAKFAFAF,1
VAKKLAKLAKKLAKLAL,1
VAKKLAKLAKKLAKLALAL,1
VAKKLAKLAKKLLAL,1
VAKLLAKALKKLL,1
VAKLLAKLAKKLL,1
VAKLLAKLAKKVL,1
VALALKALKKALKKLKKALKKAL,1
VALALKALKKL,1
VALALKALKKLAKKLKKLAKKAL,1
VNFKKLLGKLLKVVK,1
VNWKKIILGKIIKVVK,1
VNWKKILAKIIKVVK,1
VNWKKILGKIIKVVK,1
VNWKKILGKIKKVVK,1
VNWKKILKKIIKVVK,1
VNWKKILPKIIKVVK,1
VNWKKLLGKLLKVVK,1
VNWKKVLGKVVKVVK,1
VNWRRILGRIIRVVR,1
VRRFPWWWPFLRR,1
VYWKKILGKIIKVVK,1
WFKKIPKFLHLAKKF,1
WFKKIPKFLHLLKKF,1
WKKIPKFLHLAKKF,1
WKKIPKFLHLLKKF,1
WKLFKKIPKFLHLAKKF,1
YAKLLAKLAKKAL,1
YGRKKRRQRRR,1
AVPIIAIVISLLIL,0
FSSVMMGSMALGLAGPQLAVL,0
GYVLFSALGSFYVPLAIILV,0
DTVTWLLFLLGFVAILIFRHW,0
RHAYVGIAVIWVLAVASSLPFL,0
HHLAIAVLFIVAGHM,0
VTPIVLVTFPAAVQS,0
LTQSGVVVLILTVLSSVGLAA,0
FALALGVGMAALAASI,0
VAGLLGDIGGQMGLFIGASILTVL,0
VWFVSLFIGLMLIGLIWLMVFQL,0
NAFSYWAFLGAIVLALMSYFF,0
LHFFMLFVPVTGLWMSALGVVG,0
IGGTSALIAVGVAL,0
FFVSLLLFIILYIYATMGAIL,0
IVHFWALITVYIWA,0
QFAIMTVVWGIVGMGLGV,0
LGIIGATIMPHNLYLHSSIVQSR,0
TVLYLALYLTALGTGGVKASVSGFG,0
TFWFLFLLNYIFNQAFSYFQFS,0
LLMFLGIQAVVFV,0
KFYAITTLVPAIAFTMYLSMLLGYGL,0
YKGTRPFASANSVLDPILFYF,0
NFWMFGLFFFFYFFIMGAYFPFFPI,0
TNTVLVLGLVFLFYQTP,0
LPAVYILVFIIGFLGNSVAIWMFVFH,0
VPYLWMFLKIAFFL,0
AVGFIALFGVAVLNAII,0
LVAASFMAAPGGLLFAKLM,0
IFYWAWWISWSPFVGMFL,0
VKIVVYYLATSAMAVFFGLIVGRLF,0
YARYIDWMVTTPLLLLSLSWT,0
IQLGAGLSVGLSGLAAGFAIGIVG,0
TAIGIAVATLVGVMILGA,0
IIISITTLAVTVLGSVL,0
SWHPPRWTLAPIWGTLYSAMG,0
VAFLLGAVMSASAGIVG,0
LGASLPIAFTGLFSGIAQGKVA,0
VLVGSVASGTASNVMIYLA,0
LINQLVFQLSVPLNFLGSVY,0
GYLFFGAGMIAWIIFEPVLLQ,0
NAVVWGFMWGTIGQLIAVGI,0
TLLALLALVLLYLVSGALVFRAL,0
SFFMFVAVWSWWGRTYLRAQ,0
VGFNFLLAAFGIQWALLMQGW,0
LMLIVVIPAILMAVGF,0
VRYIISAIYIILSLPILFAKR,0
AFMTAFIIILGFLPG,0
WRVLPVKFFGGLGTLGGG,0
AAKFALGFAVVAIGFFIYGF,0
TMTEVFVIVGVFLAQIFSLQA,0
GLRPLQRIGLGLFFGSMAMAV,0
WIAVAYSAPVAAATAVFLIY,0
ATWSTNPAANLLSPAYTL,0
PFNIIKGIVISIVFILLYRR,0
AVMMGLAAIGAAIGIGILGGKFLEG,0
LIPLLRTQFFIVMGLVDAIPMIA,0
NHWIFWVGPFIGGALAVLIYDFI,0
DFFTNQAYAIASSIVSFYVPLVIMVFVYS,0
FAIAGMGALLAASIR,0
LIPTIVVPISLLGGFAF,0
WFYSHPTVYVMLLPYLGILA,0
TSAWRITMLGIVPILGMATATT,0
FPLLYTVLFFVGLITNGLAMRIFFQI,0
TVVWLISIGIAIPVPIKGI,0
VNMVIFSQLHTFLIFSLFT,0
LGGVLYSIETIA,0
QFWVLWTAFFSVNFGGLLLVA,0
FAGGMVVHISSGFAALAVAMT,0
VILISSLAAMLLQSMTVRLG,0
FFGGISGVIWAYFLLYVLD,0
TVGQQLTIVLTAVLASIGT,0
LVESIIDVPVVVPHTVAGIAL,0
DIALLQTIIVGVINLTFTVLAIMTV,0
VKYLVSSAFAGLYVGIGILLIFT,0
AAVIFIYFAALSPAITFGGLLGE,0
SVIVPALVIVLATVVW,0
FAGIAIGSTLLLNVIIGG,0
LVAAGSAIYFASAALLNT,0
FQMFFFAGFAILAAIVF,0
VPTAQLWGAVGAVGLVSAT,0
VVSTIALVINAAADTY,0
SHMVGAFIGSLAISTI,0
EKWLYVIIAMALISGIIGT,0
LQKILIGLILGAIVGLILGH,0
FFLAMLGANIIGYVYSAPPRFK,0
ITRLFPVWALLLSVAAY,0
FLGLEMPQWLLGIFIAYLIVAVLVV,0
LIGLDVFMIGTGMIAAFA,0
WAGVLFVPYLIWATATTGLNFE,0
LIPVQLLWVNLVTDGLPATALGFN,0
VAFSLAAIGMFIGLLVYYFGG,0
WIDALFTAASATTV,0
PGIAIVWGLVLTVLVYTVGH,0
PLAGILFIIEEMR,0
AIAALGMLSFVATSVS,0
LTVFVFTLLIATVGLFIGQFVP,0
LRGLEVGMAHGYFLIGPWV,0
PIPYFHIVYFTILLL,0
GPEANWFFMAASTFVIAL,0
EADSLHYKSDLFLN,0
IFKIIMAIVLFFFFSWIPHQIFTF,0
TAGLWGAVGAVGLVWATDW,0
YYLSDITDVIFIYFAALSPAI,0
GFLLISIGALFSISSAMNATIY,0
ASGALSLVTFLLAT,0
PVMGGVSLLLYGVIGASGI,0
FAGIIIGLTVAGIITTLG,0
IVLNFILFINIVRVL,0
LIAVASTTAYAFLVTLILAKAVDAAV,0
PGQKAVNALVLALTVVIGL,0
QAAITLGVIITLLGIPSSLS,0
HLIHMRVAAQGFVVGAMTVGMGYSMYR,0
WWFWLLAVDFVVLM,0
AKEFHKIFTSSILVFFGVAAFAH,0
YSEFLIFISLYFAISLVYRLIL,0
LIAIVFIIGALILAA,0
MGILIILIAFVIRFPGQQ,0
SPLEIAWTIVPIVILVAIGAFS,0
LGLAVMGFAELFIDPVAM,0
LIVAAGIFLNIGTALFWV,0
APFELFFMINTSILLIFIFIVLLIHFE,0
LGAMVGSLVGLAVL,0
FEPAMMQALNPLLVMLLI,0
LLTKNKARVIILMVWIVSG,0
DAILMAAAVVGLRMAGMA,0
VTSLFIVFLGIFALTITE,0
NPISGILILVGLLVQ,0
WMGMAWFIVSEVGLFAIL,0
GIMPYISASIIIQLLTVV,0
NSLAITFGIVMMTLIVIYHAVD,0
IWLWLGTAGMFLGMLYFIARGWG,0
AGLLLFLGAVGKSAQIPLM,0
ASLAMHAAAVALFIAGV,0
VMALSLYLDFINLFINLLRFFGIL,0
YNVVVTAHAFVMIFFMVMPIMIGGFGN,0
FWGLFGAGGMWSAIIAPVMILLVGILLPL,0
SSGLFASLFHAISAFN,0
LIGTLTNSLVLFLLFSAHLFE,0
PSFQDVHVMVFVGFGFLM,0
DSAGSIAIHAFGAYFGLGVSIA,0
QYKLALIVLLF,0
GMQFIMIVLPVLFFMMTLVL,0
GSSWIQLLLATPVVLWGGWPFFKRGWQSLK,0
GVYTTLFNQIVITIFTIEIILRI,0
ALVTPFWSLFDQKASTWILQA,0
AFYVPVLLGTGGNTGNQSATLI,0
DQLFLLTALPSVSGALLR,0
SADVWVMMFVMLLIVSAV,0
AKEVVGYVIAQVVGGIVAAALLYLIA,0
TRILLLVLAVIIYGTAGFHFI,0
LITVILIWLLVRSYQY,0
SQLVPTISGVHDMTETVRYI,0
VEIIAMGILDLLAKPLYAIGVLIT,0
VAKDVFHSFVIGVYFFPLLG,0
GISTIGLLGAGIGIAIVFAALI,0
LGVGYFLLGLILLYYGSDWFV,0
GFTVFGWGLPAVFV,0
MSQIGYMFLALGV,0
ASLGVAAVAIAVLAVLNL,0
RGISLSLVIWVAIVGAASYFLI,0
LTLLRYIIIGTYVGIATVSIFV,0
KFYIATILITAIAFVNYLAMAL,0
TFWAVLLLAINFLVAAYY,0
VPGALFSVWHNISGSLLATY,0
PRIYYYVMRYITPAFLAVLLVVWAREYI,0
LRYGMILFITSEAFFFLGFFW,0
FGVSSIFHLSLFAYL,0
FIGVIIVAIVGNAAEHASAI,0
IMTSFAFILGVVPLYI,0
TVGYMHAVIFAVPAYLLFQALRSF,0
YDWFLVFLWSFPVIILDEIIKFYA,0
VAAIVVGLITGVLGAGFKSAVNNMLQWRS,0
NNMSFWLLPPSFLLLLASSMVEAGA,0
ALFALGIGIYILYSALRMGYEAV,0
LAGYLFSSLGAFG,0
RLNLAQTFNSFGAIIAVVFGQ,0
VAPLVLGGAMLLLYVGDDLL,0
LPVVGVSLVLIVFFANLVGAMLPFLL,0
FDMFYFTINFGSFFAS,0
RQSLRTLDSFSLAP,0
WAGWGMVLAVLATFF,0
FTGFAPLGTVLVSLLGVGIA,0
TDALPLVSVAAIVLIIGAVV,0
YAYFMVGAMGLLSSAGAKSTVETFISSM,0
GGGTGVLLTVSIVY,0
YVIIAMALISGIIGTGHHY,0
NAVGTGVMGGMVTATVLAIFF,0
QAWTVFYWAWWVIYAIQM,0
AAKYIGAGISTIGLLGAGIGIA,0
TATLFIAVFLSNYLILD,0
TGGIFLGAILLSSP,0
LGFLWFFLLFFAGLTSSIAIMQPMIAFL,0
TPYMIIVAIVLLVALLIML,0
EFIFAVAAGVFVFETISVIL,0
YGLAVAAVFLVLAAL,0
YFAIETLMSVAAIGALFIG,0
DRRIGAIVLALTIL,0
THFWLATIGTVLYIA,0
ILIFAEVLGLYGLIVALLLNSR,0
AYAGLSHMGVAALGVF,0
SIGKIWLTVLFIFRIMILVVAAKEVWGDE,0
AGLLLLMLLILALWKIGFFKRPL,0
WIWLALGTALMGLGTLYFLVKGMGV,0
IYRGAYLVLGLAALISLAVVVY,0
HALTVVLATWTIGIGVSIPPFFGWS,0
ATIVLFAATIVVAYISENL,0
WVVGMGIVMSLIVLAIVFGNVLVITAIA,0
ALNPLLVMLLIPFNNFVLY,0
AQLVWYAQWLVIWTVVLLYLRRED,0
YSLNFAMIGLFGLYTL,0
VWWIVGMIAWLYIIYEI,0
GLLLSTLALGFFFSSVLVTIVEKF,0
ILLYSLIFLLSVLGNTLVITVLIR,0
IVVSFLAAFVFAVFIAHAFLAMRKF,0
VGLGALGAGIGNGLIVSRTIEGIA,0
GTISVGAFLALALIGL,0
GRRNSMLMMNLLAFVSAVLMGFS,0
SLTLLLGWSVLLGVWI,0
RAVFAEFLATLLFVFFGLGS,0
AFFAVFLALFLTAGLGSGSTF,0
AVYFEAAAVITTLVLLG,0
PAMMFAHLTVAGIVEAVITGLV,0
MSVVFGINAVVLALFPTIA,0
YTARIAKVGFFAGILLPAFILI,0
PVVIGEVLAGVLVGPAL,0
ASGYLVATVTGIV,0
FAPIAIGLALTLIHLISIPVT,0
IRLFRLGFPVAAALFFEVTLFAVVALLVA,0
IPTGIAYAIWSGV,0
TPALSIGFSVALGHLLGI,0
KPAMVIGFIGLLLNIPLNWIFV,0
MIGAAFIVYMGI,0
TAFVEPFVILLILIANAIV,0
IFALGIMPYITAAIIMQIL,0
SWPVFFASLAALFVVNNTLFALLYQLG,0
TASTWILWTVLGSN,0
VVDNLGWAFILFGTVFVF,0
TLLGFFAITASMVMAVYEYPTF,0
LNAVLAAPGLLAVAALT,0
NGIFSFLFTLAVVFG,0
LRLAFFGPFIGAIARSVGG,0
KENRLEENEMINLTLHPSKKSG,0
LWMFLKIAFFLFFF,0
LLATGAAAGLAAAFN,0
ATVVLIPVMIIFMAFAIHFYR,0
ESLIGLVSAILILAGYELITLEM,0
WAFYLGASVFVLSTWVSIYIVLDLWR,0
GGAIYNLVAVTLGNIVGGALFMGLGTYIL,0
INKTWVNIISWTLIVILSGLN,0
IGLIVGAMLPYWFSAMT,0
RASVATALTLITIKLLAW,0
WSPAQFQALNPIWIMVLSPVLAW,0
PIWWVLVGVLGGLLLLTILVLAMW,0
AQLTMIAMIGIAGPMIIF,0
IMNIIDIVAIIPYFITLG,0
IPDWFGVMNVWTLLV,0
MAAIGILGFVVWAHHMY,0
TNLPLWIVIFGAIQVVTT,0
GTLFKIERYFAAAMVPLIPAAYFI,0
MITRVQAVATVLALIPIVGIAVFGWF,0
KILWGLVLGAVFGLIAG,0
GLVTGIAFWHYMYMRGVWIE,0
SIPNWLRRLITRSLAVI,0
VALQIWEYFSFYGMRALL,0
TLLLSPIFIMIYLWW,0
MPFSTAIMIFVGGWIAVVV,0
IQLFVAGLIVLLLDELLQ,0
LAVFWISLYIFVNLTSVLYLG,0
NVAIWALASVVGVPVAIMGS,0
KNGRLAMLAILGYFIQG,0
AGPYIPWLLGIIMFGMGLTL,0
NSLGLLNIAQALIVNLLMAGAM,0
FAESVVYGFGSGVGWMLAIVALAGIR,0
VWTDVIQVFFLVLGGF,0
PAGVFVPSFLIGAGFG,0
LSGLTAATLNEKAEVILGGSIS,0
PGVYLAAISQAFFTLSLGMGALITY,0
TYMFHLAVSDALYAASLPLLVYY,0
TVAMFAIFGSVMVSYT,0
IDQMIIAGYGSIFAAILLIIF,0
YPVMFIGWEGVGLAS,0
TPAHGHAAMMGVYGMFAIAVLLYSL,0
GIIFAAISLFSLLFQPLFGLLS,0
SIFVFGINLGAFIAPLIVGAA,0
GFIIAPIILAFMFFAFVL,0
HPWVAYLILPLFAFANAGVSL,0
VLLGVVLAVGTWITVTTMYAQGEN,0
SIFAFVFSNVMIGLLVLMTIYKLTKG,0
FSAFMVLIIAILNDGTIMTI,0
GHVHAGALGWVAMVSI,0
ASHFGHLAIIFLWVSGS,0
ALGTGTGILLTVGIL,0
IVTGVIFVVAILV,0
LMTATVAALGLIPAAL,0
RLIFTIMIVYFLFWAPYNIVLLLNTFQ,0
IGGLLNATFGNAVELIVSII,0
IVELVFIGWAEGRRWA,0
PPLNGGAILGFLVGAAL,0
AVSAAGWVLAALLAMPTLSFSH,0
AQWIVFAIMAAAAIAFGVAVHFR,0
NMFTLIAMGIGVAWIYSMVAVLWP,0
GGVIFAYLGGIALHVWTIKGY,0
NGASLIIFAGIVANFPN,0
GTRVFLVIAAIAHFLAFT,0
MSLILWGLDGILVRLV,0
YFAAVSAVYSALALSVVFDKLH,0
LIQAAYFVVAILFIVGL,0
VTLVNFILMAIFSGLLFL,0
GLALAIALGALFTVFQAYEY,0
YAHLWLWVITQGIILSN,0
PLALTIFVWVFLMNLMDLL,0
APVAAATFLHYLIMPLTAWIL,0
ADALGTLYKVGVFAF,0
AAFAGLMYLFVRQKYFVGYLG,0
DGVVLLILFIIYLRWTV,0
FFIYAWLFTLVVSLVLVTIY,0
EVMWSFVTLMVITAMYALN,0
SIAFSGIGLLIVVGVA,0
YSAFTWLGYVNSAVNPI,0
HIQSARALMVVAVLLGFVAMVLSV,0
MSAWAQVIIASILISVQLTLVVTLII,0
VEQSGVVVLILTLLSSAGIAA,0
EVLFLQISLTENWLIFITR,0
PFYSAATLFAFFVAVAA,0
AVFIFVGALTVLFGAIA,0
FGYMGMVWAMMSIGFLGFIVWAHHM,0
RDFLYYATAGAGAVATGAAVWPLI,0
GSMLGWFLVDIAFYGINLNQSVVLAQ,0
PAALVVIAEHVGHL,0
SLFKKLLAGSLVMLGAGF,0
TLLFLAVLGGYHIHFMLT,0
AVVAAGVLLLALGLLP,0
ILAAMGSAVGLGNIWRFSYVT,0
SGIAAFAFGSTAILIILFNMA,0
ALGIGLAMVAGV,0
GSSFQYGYNVAAVNSPALL,0
VVFSSMIALMRPLKSL,0
VVFVAFILSYMGVEASATHV,0
LQVALAFGLALATLVQAVG,0
DLISRALFPVLFFVFNILYWSRFGH,0
GLGLTKNILGFLFPFLIILTSYTLIWK,0
VFLSIELMLNAANLS,0
GVWIAAVGQIFFTLSLGFGAIITYA,0
IGLVGLIMLQQG,0
FTHHMWIGGFLVVGGAAH,0
KPYKYRIFATIIVGIIKFGIPMLIPL,0
GFWVSSAMAGAYVGLGIILIFTLGN,0
FVAGITTYFQFKMTMSH,0
LAFILSALLAMVGYFLVRKFAP,0
STFVGALIVPPL,0
GTLHQLGIVVGILIAQVFGLDSI,0
LQAAIVPLTVGAAPFIARMVENAL,0
TLIFLLVGALAIVNLKAT,0
LILAILAGLGSLLTAYLTYTKL,0
AVILPMVLALMFVLLFG,0
IPILIGVLVGYALSFAMGIVD,0
VATTIFLFGTLVTIWLGI,0
IFNLAVADLLLLATLPLWAT,0
PATVLLFNGIGTLLY,0
RDSLKIAAVLFFISGVGSAWPE,0
MLVMGLISPLATMPQLYKLYV,0
FTMLLVGIALGFIS,0
IVGIAFFILLGAAALSSAVSLLEVPVAYF,0
LPAYFAKSATIYNPVIYVFMNR,0
MAWAFLSAIWLWSVLGFWR,0
WEAFWQVSALGTFLLAYNRW,0
IYGWLVTIIGALGLSMVYAK,0
LGSIGSDLGASIKGFKKAMSD,0
LGLIILLGINLGLVAATLG,0
FKVATIFSIGIFALLMLFPEAL,0
STLTLIPLLGVHEVVFAFVTDE,0
SMAVGVMIGASIFSIFGVG,0
FFSAFMSILIYFMWHFIG,0
VVGVVHLISSAVLG,0
YLAITAGVFISIAFVFYITATTGT,0
RWVAVHTLAVPTIFFLGAIA,0
GLALFALVYSIYGG,0
LIIIAIMIGMLFVQPVMG,0
VVSLAVADLLVATLVMP,0
AEFLGIPTAAVGLLGFLGVLALAVL,0
PGHELDLFVPVFTFLQFFFYAGW,0
AFLIVAIGPFMIIP,0
SVVPLHWFGFGYAALVASGGIIGY,0
GEKSLILTIFRTLVMQVGFAYIFVHYT,0
FALLSVLALLLMGVFPGYF,0
NEGFFVTSILFALI,0
TDAQWVVFAVMALAAIVFSIAVQF,0
IIGTFMTILLSVILEASW,0
LELLKSLVFAVIMVPVVMAIILGLI,0
LSSAMWFSWGVLLNSG,0
DHTLMIVFLISSLVLYIISLMLTT,0
ASGLVLASFLLGAGLLL,0
RATWGLGTVFSLRMLGMFMVLP,0
YALLFVLGALLLLGV,0
LFLGLVTLLPQIIQNLT,0
FQLLVLLGSAVIAAAFYQI,0
AFFSAILGFMGVGQAAQVWPDV,0
DILFRAEYFLVLAVLNSGTNPII,0
SGIVLGLIVVTLAGLFYA,0
SLAMFIFMAIGITLWFFYGV,0
RFGLLVTIILGVLFFLVQS,0
NPALMVAGTLVGAAGT,0
LIAFVALVMLAQVMLVL,0
GFGFQMFTLVLIAFFIASTI,0
VTLINFIFMAIFSALLFLT,0
VAAAFAISFLPFHITKTAYLA,0
FLAGAMLAAVWLAVASTM,0
GNYLSNFFQMAGRT,0
WVIGNIFMIIQTYFIVVKA,0
GISPIVTSGLIMQLLA,0
TNIMNIIDIVAIIPYYVTIFLTESNK,0
LAVIVLTALIMGLFFV,0