826,1,Random,ACP
AAKKWAKAKWAKAKKWAKAA,1
AAVPIVNLKDELLFPSWEALFSGSE,1
AAWKWAWAKKWAKAKKWAKAA,1
AFGMALKLLKKVL,1
AIGKFLHSAKKFGKAFVGEIMNS,1
AIGSILGALAKGLPTLISWIKNR,1
AKRHHGYKRKFH,1
ALSKALSKALSKALSKALSKALSK,1
ALWKDILKNVGKAAGKAVLNTVTDMVNQ,1
ALWKNMLKGIGKLAGQAALGAVKTLVGA,1
AWKKWAKAWKWAKAKWWAKAA,1
AWKLFDDGV,1
ESFSDWWKLLAE,1
ETFADWWKLLAE,1
ETFSDLWKLL,1
ETFSDWWKLLAE,1
ETWRTEAPSATGQASSLLGGRLLGQ,1
FAFAKIIAKIAKKII,1
FAFGKGIGKIGKKGL,1
FAFGKGIGKVGKKLL,1
FAKAIAKIAFGKGIGKVGKKLL,1
FAKALAKLAKKLL,1
FAKALKALLKALKAL,1
FAKFLAKFLKKAL,1
FAKGVGKVGKKAL,1
FAKIIAKIAKIAKKIL,1
FAKIIAKIAKKI,1
FAKKALKALKKL,1
FAKKFAKKFKKFAKKFAKFAFAF,1
FAKKLAKALL,1
FAKKLAKKAKLAKKL,1
FAKKLAKKLAKAAL,1
FAKKLAKKLAKAL,1
FAKKLAKKLAKLAL,1
FAKKLAKKLAKLL,1
FAKKLAKKLKKLAKKLAK,1
FAKKLAKKLKKLAKKLAKKWKL,1
FAKKLAKKLKKLAKKLAKLAKKL,1
FAKKLAKKLKKLAKKLAKLALAL,1
FAKKLAKKLKKLAKKLIGAVLKV,1
FAKKLAKKLKKLAKLALAK,1
FAKKLAKKLKKLAKLALAL,1
FAKKLAKKLL,1
FAKKLAKLAKKALAL,1
FAKKLAKLAKKL,1
FAKKLAKLAKKLAKAL,1
FAKKLAKLAKKLAKLAL,1
FAKKLAKLAKKLAKLALAL,1
FAKKLAKLAKKLLAL,1
FAKKLAKLALKLAKL,1
FAKKLKKLAKKL,1
FAKKLKKLAKLAKKL,1
FAKKLLAKALKL,1
FAKLAKKALAKLL,1
FAKLAKKLL,1
FAKLFAKAFKKAL,1
FAKLFAKLAKKFAL,1
FAKLLAKAFKKAL,1
FAKLLAKALKKAL,1
FAKLLAKALKKFAL,1
FAKLLAKALKKFL,1
FAKLLAKALKKL,1
FAKLLAKALKKLL,1
FAKLLAKALKLKL,1
FAKLLAKFLKKAL,1
FAKLLAKKLL,1
FAKLLAKLAK,1
FAKLLAKLAKAKA,1
FAKLLAKLAKAKG,1
FAKLLAKLAKAKL,1
FAKLLAKLAKK,1
FAKLLAKLAKKAA,1
FAKLLAKLAKKAL,1
FAKLLAKLAKKEL,1
FAKLLAKLAKKFAL,1
FAKLLAKLAKKGL,1
FAKLLAKLAKKIL,1
FAKLLAKLAKKL,1
FAKLLAKLAKKLL,1
FAKLLAKLAKKSL,1
FAKLLAKLAKKVL,1
FAKLLAKLAKLKL,1
FAKLLALALKLKL,1
FAKLLFKALKKAL,1
FAKLLKLAAKKLL,1
FAKLWAKLAFGKGIGKVGKKLL,1
FAKLWAKLAKKL,1
FALAAKALKKLAKKLKKLAKKAL,1
FALAKALKKAL,1
FALAKKALKKAKKAL,1
FALAKLAKKAKAKLKKALKAL,1
FALALKAKKL,1
FALALKALKK,1
FALALKALKKA,1
FALALKALKKAL,1
FALALKALKKALKKLKKALKKAL,1
FALALKALKKL,1
FALALKALKKLAKKLKKLAKKAL,1
FALALKALKKLKKALKKAL,1
FALALKALKKLLKKLKKLAKKAL,1
FALALKKALKALKKAL,1
FALALKLAKKAL,1
FALALKLAKKL,1
FALALKLKKL,1
FALKALKK,1
FALKALKKAL,1
FALKALKKLKKALKKAL,1
FALLKALKKAL,1
FALLKALLKKAL,1
FAVGLRAIKRALKKLRRGVRKVAKDL,1
FFGWLIKGAIHAGKAIHGLIHRRRH,1
FFHHIFRGIVHVGKTIHRLVTG,1
FGKGIGKVGKKLL,1
FIFHIIKGLFHAGKMI,1
FKLAFKLAKKAFL,1
FKLFKKIPKFLHLAKKF,1
FKRIVQRIKDFLR,1
FKRIVQRIKDFLRNLV,1
FKRLAKIKVLRLAKIKR,1
FKVKFKVKVK,1
FLGALFHALSKLL,1
FLGALFKALSHLL,1
FLGALFKALSKLL,1
FLGMIPGLIGGLISAFK,1
FLGMIPKLIKKLIKAFK,1
FLGWLFKWAKK,1
FLGWLFKWAWK,1
FLKLLAGLLKNFA,1
FLKLLKKLAAKLF,1
FLKWLFKWAKK,1
FLPLIGRVLSGIL,1
FLSLIPKLVKKIIKAFK,1
FLSLIPSLVGGSISAFK,1
FLWWLFKWAWK,1
FRKSKEKIGKEFKRIVQRIKDFLRNLV,1
FVDLKKIANIINSIF,1
FVQWFSKFLGRIL,1
GFFALIPKIISSPLFKTLLSAVGSALS,1
GFGMALKLLKKVL,1
GFGMALRLLRRVL,1
GFIFHIIKGLFHAGKMIHGLV,1
GFKDLLKGAAKALVKTVLF,1
GFKMALKLLKKVL,1
GFVDFLKKVAGTIANVVT,1
GGLRSLGRKILRAWKKYGPIIVPIIRIG,1
GIGAVLKVLTTGLPALISWIKRKRQQ,1
GIGGKILSGLKTALKGAAKELASTYLH,1
GIGGVLLSAGKAALKGLAKVLAEKYAN,1
GIGKFLHAAKKFAKAFVAEIMNS,1
GIGKFLHSAKKFAKAFVAEIMNS,1
GIGKFLHSAKKFGKAFVGEIMNS,1
GIGKFLKKAKKFAKAFVKIINN,1
GIGKFLKKAKKFGKAFVKILKK,1
GIGTKILGGVKTALKGALKELASTYAN,1
GIGVLLSAGKAALKGLAKVLAEKYAN,1
GIIKKIIIKKI,1
GIIKKIIIKKIIIKKI,1
GIIKKIIIKKIIIKKIIIKKI,1
GIIKKIIKKI,1
GIIKKIIKKIIKKI,1
GIIKKIIKKIIKKIIKKI,1
GKFMSLLKHILK,1
GKWKKILGHLIR,1
GKWKKILGKLIR,1
GKWKSLLKHILK,1
GKWLSLLKHILK,1
GKWMKLLKHILK,1
GKWMSFLKHILK,1
GKWMSLLKHILK,1
GKWMSLLKHIWK,1
GKWMSLLKHWLK,1
GKWMSLLKKILK,1
GKWMSLWKHILK,1
GKWMTLLKHILK,1
GKWSKILGHLIR,1
GKWSKILGKLIR,1
GLFAVIKKVAAVIKKL,1
GLFAVIKKVAAVIRRL,1
GLFAVIKKVAKVIKKL,1
GLFAVIKKVASVIGGL,1
GLFAVIKKVASVIKGL,1
GLFAVIKKVASVIKKL,1
GLFDIAKKVIGVIGSL,1
GLFDIIKKIAESF,1
GLFDIIKKIAESI,1
GLFDIIKKVASVIGGL,1
GLFDIIKKVASVVGGL,1
GLFDIVKKIAGHIAGSI,1
GLFDIVKKIAGHIASSI,1
GLFDIVKKIAGHIVSSI,1
GLFDIVKKVVGAFGSL,1
GLFDIVKKVVGAIGSL,1
GLFDIVKKVVGALGSL,1
GLFDIVKKVVGTLAGL,1
GLFDVIAKVASVIKKL,1
GLFDVIKAVASVIGGL,1
GLFDVIKKVAAVIGGL,1
GLFDVIKKVASVIGGL,1
GLFDVIKKVASVIKGL,1
GLFDVIKKVASVIKKL,1
GLFGKLIKKFARKAISYAVKKARGKH,1
GLFGKLIKKFGRKAISYAVKKARGKH,1
GLFGVLGSIAKHVLPHVVPVIAEK,1
GLFKVIKKVAKVIKKL,1
GLFKVIKKVASVIGGL,1
GLFKVLGSVAKHLLPHVAPVIAEK,1
GLFKVLGSVAKHLLPHVVPVIAEK,1
GLFSVLGAVAKHVLPHVVPVIAEK,1
GLFVGLAKVAAHNNPAIAEHFQA,1
GLFVGVLAKVAAHVVPAIAEHF,1
GLLDIVKKVVGAFGSL,1
GLLGLLGSVVSHVLPAITQHL,1
GLLGLLGSVVSHVVPAIVGHF,1
GLLGPLLKIAAKVGSNLL,1
GLLQTIKEKLESLESLAKGIVSGIQA,1
GLLSVLGSVAKHVLPHVVPVIAEHL,1
GLLSVLGSVAKHVLPHVVPVIAEKL,1
GMWKKILGHLIR,1
GMWKKILGKLIR,1
GMWSKILGHLIK,1
GMWSKILGHLIR,1
GMWSKILGHLKR,1
GMWSKILGKLIR,1
GMWSKILKHLIR,1
GMWSKLLGHLLR,1
GRFKRFRKKFKKLFKKLSPVIPLLHLG,1
GRKKRRQRRR,1
GRKKRRQRRRGGWMWVTNLRTD,1
GRRKRKWLRRIGKGVKIIGGAALDHL,1
GSEGPLKPGARIFSFDGKDVLRHPT,1
GTGLPMSERRKIMLMMR,1
GWRTLLKKAEVKTVGKLALKHYL,1
HGVSGHGQHGVHG,1
HHPHGHHPHG,1
HHPHGHHPHGHHPHG,1
HHPHGHHPHGHHPHGHHPHG,1
HPTWPQKSVWHGSDPNGRRLTESY,1
HSHRDFQPVLHLVALNSPLSGGMRG,1
IDWKKLLDAAKQIL,1
IGKEFKRIVQRIKDFLRNLVPRTES,1
ILGPVISTIGGVLGGLLKNL,1
ILPILSLIGGLLGK,1
ILPWKWPWWPWRR,1
ILRWPWWPWRRK,1
IVRRADRAAVP,1
KAAKKAAKAAKKAAKAAKKAA,1
KAAKKAWKAAKKAAKWWKKAA,1
KAAKKAWKAAKKAWKAAKKAA,1
KAAKKAWKAWKKAAKAAWKKAA,1
KAAKKAWKWAKKAAKWAKKAA,1
KAAKKWAKAAKKAAKAWKKAA,1
KAAKKWAKAAKKWAKAWKKAA,1
KAAKKWAKAWKKAAKAWKKAA,1
KAKLAKKALAKLL,1
KFKKLAKKF,1
KFKKLAKKW,1
KIAKVALAKLGIGAVLKVLTTGL,1
KIFGSLAFL,1
KILRGVAKKILRTFLRRISKDILTGKK,1
KILRGVAKKIMRTFLRRILTGKK,1
KILRGVAKKIMRTFLRRISKDILTGKK,1
KILRGVAKKIMRTFLRRISKKILTGKK,1
KISKRILTGKK,1
KKKFPWWWPFKKK,1
KKKFPWWWPFKKKKKKFPWWWPFKKKK,1
KKVVFKVKFK,1
KLAKKLAKLAKLAKAL,1
KLAKLAKKLAKLAK,1
KLALKLALKALKAAKLA,1
KLLKLLLKLYKKLLKLL,1
KMWSKILGHLIR,1
KNWKKILGKIIKVVK,1
KNWKKILKKIIKVVK,1
KRLRRVWRRWR,1
KSSAYSLQMGATAIKQVKKLFKKWGW,1
KTKLFKKFAKKLAKKLKKLAKKL,1
KVKVKVKVPPTKVKVKVK,1
KWFKKIPKFLHLAKKF,1
KWFKKIPKFLHLLKKF,1
KWKFKKIPKFLHLAKKF,1
KWKKFLKIGIGKFLHLAKKF,1
KWKKLAKKW,1
KWKKLLKKPPPLLKKLLKKL,1
KWKLAKKALALL,1
KWKLFAKIGIGKFLHLAKKF,1
KWKLFKKALKKLKKALKKAL,1
KWKLFKKIGAVLKVL,1
KWKLFKKIGIGAFLHLAKKF,1
KWKLFKKIGIGAFLHSAKKF,1
KWKLFKKIGIGAVLKVLKKG,1
KWKLFKKIGIGAVLKVLTTG,1
KWKLFKKIGIGKFKLAKKF,1
KWKLFKKIGIGKFLHLAKKF,1
KWKLFKKIGIGKFLHSAKKF,1
KWKLFKKIGIGKFLHSATTF,1
KWKLFKKIGPGKFLHSAKKF,1
KWKLFKKIKFLHSAKKF,1
KWKLFKKILKFLHLAKKF,1
KWKLFKKIPFLHLAKKF,1
KWKLFKKIPHLAKKF,1
KWKLFKKIPKFLH,1
KWKLFKKIPKFLHL,1
KWKLFKKIPKFLHLA,1
KWKLFKKIPKFLHLAK,1
KWKLFKKIPKFLHLAKK,1
KWKLFKKIPKFLHLAKKF,1
KWKLFKKIPKFLHSAKKF,1
KWKLFKKIPLAKKF,1
KWKLFKKIPLHLAKKF,1
KWKLFKKIPLKKF,1
KWKLFKKISKFLHLAKKF,1
KWKLFKKKTKLFKKFAKKLAKKL,1
KWKSFAKTFKSAKKTVAHTALKAISS,1
KWKSFAKTFKSAKKTVLHTALKAISS,1
KWKSFLKTFKSAKKTVAHTAAKAISS,1
KWKSFLKTFKSAKKTVAHTALKAISS,1
KWKSFLKTFKSAKKTVLHTALKAISS,1
KWKSFLKTFKSAKKTVLHTLLKAISS,1
KWKSFLKTFKSLKKTVLHTALKAISS,1
KWKSFLKTFKSLKKTVLHTLLKAISS,1
KWKSFLKTFKSLKKTVLHTLLKLISS,1
KWLRRVWRWWR,1
KWWKKAAKAAKKAAKAAKKWA,1
KYKKALKKLAKLL,1
LFGMALKLLKKVL,1
LGGIVSAVKKIVDFLG,1
LGQSAASAHHAYIVLAIENSFMTASKKK,1
LIAHNQVRQV,1
LKKLAKLALAF,1
LKLKSIVSWAKKVL,1
LLGDFFRKSKEK,1
LLGDFKRIVQRIKDF,1
LLGMIPLAISAISALSKL,1
LLRHVVKILEKYL,1
LLRHVVKILSKYL,1
LTAEHYAAQATS,1
LTFEHYWAQLTS,1
LTFSDWWKLLAE,1
MPKEKVFLKIEKMGRNIRN,1
MRGIRGADFQAFQQARAVGLAGTFR,1
MRKEFHNVLSSGQLLADKRPARDYNRK,1
MRKWFHNVLSSGQLLADKWPAWDYNRK,1
MWKEFHNVLSSGQLLADKRWARWYNRW,1
MWKWFHNVLSSGQLLADKWWAWWYNWW,1
MWKWFHNVLSSWQLLADKRPARDYNRK,1
MWKWFHNVLSWWWLLADKRPARDYNRK,1
NKWKKILGKIIKVVK,1
NVWKKILGKIIKVVK,1
PAARKAARWAWRMLKKGA,1
PAARKAFRWAWRMLKKAA,1
PAWAKAFRAAARMKLKAA,1
PAWFKARRWAWRMKKLAA,1
PAWFKARRWAWRMLKKAA,1
PAWRKAARWAWRMLKKAA,1
PAWRKAFRAAWRMLKKAA,1
PAWRKAFRKAWRMLKKAA,1
PAWRKAFRWAARMLKKAA,1
PAWRKAFRWAKRMLKKAA,1
PAWRKAFRWAWRMKKLAA,1
PAWRKAFRWAWRMLKKAA,1
PAWRKARRWARRMKKLAA,1
PAWRKARRWAWRMKKLAA,1
PLLQATLGGGS,1
PRAWEYWLRLME,1
PRFWEAWLRLME,1
PRFWEYALRLME,1
PRFWEYWLALME,1
PRFWEYWLRAME,1
PRFWEYWLRLAE,1
PRFWEYWLRLME,1
QETFSDLWKLLP,1
RAGLQFPVGRLLRRLLRRLLR,1
RGDLLRHVVKILEKYL,1
RGDLLRHVVKILSKYL,1
RKKRRQRRR,1
RWGKWFKKATHVGKHVGKAALTAYL,1
SIGAKILGGVKTFFKGALKELASTYLQ,1
TAGIKLTVPIEKFPVTTQTFWG,1
TFRAFLSSRLQDLYSIVRRADRAAV,1
TKPRKTKPRKTKPRKTKPR,1
TRSSRAGLQFPVGRVHRLLRK,1
VAKALAKALLKALKAL,1
VAKALKALLKALKAL,1
VAKFLAKFLKKAL,1
VAKKFAKKFKKFAKKFAKFAFAF,1
VAKKLAKLAKKLAKLAL,1
VAKKLAKLAKKLAKLALAL,1
VAKKLAKLAKKLLAL,1
VAKLLAKALKKLL,1
VAKLLAKLAKKLL,1
VAKLLAKLAKKVL,1
VALALKALKKALKKLKKALKKAL,1
VALALKALKKL,1
VALALKALKKLAKKLKKLAKKAL,1
VNFKKLLGKLLKVVK,1
VNWKKIILGKIIKVVK,1
VNWKKILAKIIKVVK,1
VNWKKILGKIIKVVK,1
VNWKKILGKIKKVVK,1
VNWKKILKKIIKVVK,1
VNWKKILPKIIKVVK,1
VNWKKLLGKLLKVVK,1
VNWKKVLGKVVKVVK,1
VNWRRILGRIIRVVR,1
VRRFPWWWPFLRR,1
VYWKKILGKIIKVVK,1
WFKKIPKFLHLAKKF,1
WFKKIPKFLHLLKKF,1
WKKIPKFLHLAKKF,1
WKKIPKFLHLLKKF,1
WKLFKKIPKFLHLAKKF,1
YAKLLAKLAKKAL,1
YGRKKRRQRRR,1
KGASHFIHGRHVSRNLY,0
GSGHPNNIKLINSAGT,0
LRSWAFGAPGAPSKAWRPTLGLALF,0
QRPVLPIPLRGDG,0
GHGSAFDGAKYKTKRGANYQLSG,0
ILIKTKGTAGKHKPRLG,0
IYQRLGNTIYGTQAIP,0
TGGFPHSKDKRTGRAAFHYGT,0
APIYEWKSKNGRGLSNGIFVLQ,0
PTGKQPGDQIGNSSRSIKIGGRF,0
IFGKVKPSSFEQT,0
AQSKEDPKAGTI,0
KRDFFVGPVINPRSIRGNNQINIG,0
QVAGAVKEAPPVISTAVPS,0
AKKSGKPPVQWL,0
GAAISIKEAIGKAEVNK,0
ALAIKGLSDISHVAVTEV,0
FQSVTGAGAEAGIATGKVE,0
DTFIGLSKKYIS,0
KRNISGIHGEGPRLLGGALV,0
RLRGHTLSGPQFGFGKRQS,0
RHRPFKLRLHGDPFAGLKEGGANVV,0
ALAHPNTWAYLIYGPPVHNVRI,0
VAKTRFRLKQLDGI,0
LGGVKSYEQKAEIRILSTKLR,0
TFSRNIALVFQNTKGNFTLQLA,0
RKVWQGGALEGGISPAGNIEFLA,0
KKEVGSTSDKIRKVILPELRF,0
SKGYNGGIDTYKT,0
GHIRLPGFVILASN,0
KILRQGWTIKRTN,0
VVRKASTDPRAFAKPK,0
LPARSANAELEL,0
SPDGRLANGPLAAGFTFNGWPSSRI,0
GEYGADSFQNGRS,0
SKEAKGKALKGAKQNLQRIVK,0
ASQASLFTKNKL,0
SLIPAGIDVSPKPRQ,0
NQQGAIGAVQNQKGGGGPTGE,0
LGQIQYHYGGLTRK,0
GNQFDVIVGTNIILQGIGAIKLFG,0
KKEDNDGAAAGIFLVSFFSDV,0
DKAFDDWTLPITTFFHLSEG,0
DIFGSSYQSGAKKTR,0
SLLVLGGQIHVGFAGFK,0
TKAKTLGDFGFAGSFFSKIKAVSN,0
LSVGSPIGIGKPTRKTK,0
LSNLEPWTRGYVT,0
FTWLSNGWKNR,0
VFLSSFVGTGWVKNHVIILV,0
KNLHSASAVVISSLKLVTL,0
TLNPVKRGNFGASNKHSDTLE,0
ISVGFTGNNDKKPFNGLQRYW,0
VASYPGNTNEGVT,0
SGGDSFAQGGFSLNDISAHRRYE,0
LDGLVGKYQAFGGIKPSTH,0
GFILNGLNGFGGATPSSK,0
LLKGDGLIKKENKVALLFRPTVI,0
FSLDPLTFSHK,0
RIFSSKKTIPYIPSDT,0
AHSRFLAKAFVKLQNK,0
VGFSFILGVTGVGKLRQVNIGRGG,0
KNRGLLSKPVNILRIGDNTEGP,0
NQRTNGFVVYFVYILGFWFFPQIGS,0
SIYLARGVKRWKGPQFGD,0
KYRSTLLKPGGKYKHAHS,0
LGKSLELFRPRDLHNKGLLIGV,0
KENGVFAAGGIINHNPLP,0
AIRAKVISKSNGLLPT,0
HLSWNRKQKLRAAIEFRVGARLQF,0
ILLNRTTVATESG,0
VVVRILAVGEKK,0
ISKVAPSGYVVVT,0
ASEHNWGIKKGTVNPIANKF,0
VKTAVGKDKGGSGSGGA,0
GKGVQSIGVTRNFARGAFK,0
AVGIPGLTTLLLLHDPDW,0
LSFDILQKGGR,0
PGRSFLLFKVLNLLLVRLIQ,0
SYADIAAFIYARTKGQYPGL,0
EVILIGGVLGPKPKHGGVEIRKS,0
KVSGALISKYGPTGPRLNLWGIR,0
FIYKKLSKKAPY,0
IPKWARFGLRIKITPLHLKANAGE,0
SVILPWFLYGEVHYVALIAEIEEIG,0
GLIGGGQFGGQ,0
GAAIQRRKNKKYHP,0
GQWTLSGAYHQP,0
KYKPFTIAITQKSDTILS,0
DTVHKQHTPPPVGG,0
GYEDSVSGLSQLLNGAPKG,0
GRDDKWGIVARDTIGRGGRQG,0
VAVGSEHQPGVFLYYDTAR,0
FLINKFFPPSPTSYA,0
GGVIFKHRIDPVK,0
TFRITKKKGADKSKHPIVQ,0
WGKLKIGSAGT,0
RGEVRSLDSAGRN,0
SFKHVEARVEYGRNNPQDF,0
WGLHEVGGQGYPQGWAYGIKDN,0
LAGGSKATSRLGRTA,0
WRAVRSATGNRLKKWAGKFL,0
PGLRSRGLEHEYVVEE,0
PKSWVAQKNLSLQGNRNLQAKRSYA,0
KTLGLKKAAWLGSYYLIL,0
GIGGHPKGRFDVSHK,0
IIRPRKFGVTNERT,0
SVETPYGASRSWRV,0
ESANKFLPKHGFTVNKLRTKEG,0
KISEGADAYNSV,0
LVRIKASLHLAKP,0
NRAIKIYLLRTKVGNTRKLGEKGV,0
VQARQHEILVKLSIGDKSWWVPD,0
AELQKAKAARPRGP,0
LLLILTFPFKRE,0
DVTATARFKRSTPQNGKSNAKGRQ,0
GPVAQGELGLVSLIFALY,0
AKQNLPRGIKVAALPGILQKIK,0
PTTVLALLNWNVRFFHSLGGRGILL,0
ARKRGIKPNAAAKEKKLQDFIS,0
GVKISKPIRGGKPLGSI,0
WLLDKLVLQSGGQPELL,0
DSDFPTQTLIR,0
AARKNLGVHGGSKAKWHIV,0
LPAGGAKTLDWSASRGEGNDSGPLK,0
AKKFYKGTFKSKIKKREE,0
PLIVQEEEQHLLKIAVA,0
AYLIGNRRNQKEKSPPKLLAS,0
LLYAHEIEILQAE,0
LQQPNGTPGSTGG,0
AVSLTSFSHKVIANFFGKDSVGV,0
RKGKAFGNLKGWRNSKPPGQLFHV,0
GWHFHGRINVIYSTGIQIKVVWVNV,0
GGYVGGSRGLGV,0
ARVNVRPQGKQKSKA,0
LPPSQTKVQGEAQTRPNIEVK,0
AHYLKFLNPLGD,0
GKSPAAKLTSIGTSTSKVGDA,0
LILVSAQVPNGL,0
WGLLYIIQLPEWFHFR,0
IPSFQVAGLSAAALTLGSHGQ,0
DTKELKNFRAKPLKLA,0
SRAILFNEAGNKLKSNV,0
KTALKGKGKNGGSARNFVG,0
LKLKGGGNARDP,0
AGASANVQNIGIKLKTRS,0
KVAHPDAYQSWRGGR,0
LHTSFHIEGNKARPFVKPLPAL,0
PSRLSEKQAHAWQ,0
DYIRTGALRLAFVNKINRFH,0
SDLGVIIPEVESKYKRITLVKR,0
NYSYGSAEANILIGYVKD,0
SGVHLWVGFGRGLGARG,0
ARVKGKYLPKKKGITKPN,0
GDATLGGRHNFVKLPQVFFKRGRIG,0
KGGIKFSTPKGAEET,0
IAAERNFFHFTAGEAL,0
YGFVGFNGNEAALFAQP,0
RKKAKATQGVGNLKDPLGVGT,0
PGGAGAIQSIVK,0
GGPTVIALSSGGVGVIKNYDRTVD,0
SQTLAKKFLSYWDV,0
KAPGINKGLFAVIGIFTYAFIPL,0
TGGSLLKGENPHTAVN,0
YGSTYRQENNKTNHKSIVKK,0
SLLGLGILFLENTKFSH,0
AKRDALTKIIPFLNIILIEPGKFV,0
ITIGKAVGVSLFVTK,0
SQIGVGTAFLNKKATVGGLKKWDN,0
LKQLNYAKLKN,0
PLGILDLTVQFGKSGITQFYGY,0
HHADFVGAFWTQSINITK,0
PISNYVKNPGLLS,0
LNAKSILTQVSPGQLNGDP,0
STRVFGVGAILEEQN,0
AEDVGFTKVAPA,0
TVWVNFSAIKE,0
GVPFITQFGGGIDR,0
KASTKRGALLGKLGTGLAFS,0
GVVHIQPLANLVGLGDWW,0
DIALLPGLIPFGR,0
GLYFLPAVPATLETGRNADKK,0
LNILDIYASLRVDI,0
GIVYVDYTANLERA,0
IKKSKETVRQG,0
PFRWTLQKISKGIKSILRFYLSII,0
KAYALVAFGGVW,0
KVTYLLLEGGK,0
VKDFKKLWKPTILTPQLYQ,0
LVKEGDRLTTRGYLTKPTSLSDG,0
GGLADAQLIQLLLAKRKLN,0
PNHSIGDELYSIFLASGIGINSV,0
INEKRHPGGPLSFE,0
GVLLRGHTKEYRGLSAG,0
YTGFFEFARLGGKYG,0
LRQGGFSRLTLLQSSTKFPAQVSK,0
NKIRSFGGNGWSTRVASPGNTDIE,0
KWTDSWKGAKNIEEHSASAGPYFA,0
SNPFVGLTFLKTK,0
KFGKGWKGFWSFKKAI,0
NPSAFREGDGAKLEPPSFYGV,0
LYLGPLKPVGWRFRRLVWHF,0
DGQGKQGVPGGIKRVVKGL,0
TTTFFIFVLPLYPSKPFV,0
KRNFILSGFQIYANKPGS,0
RDPASAIKGRRGKYGGRGPAQIST,0
PKRQKIGNGTNA,0
YLRYPPPGDFSF,0
LSSRAALRGYKRGG,0
GGALLKGPSWDHDKLFFGAHKFK,0
GPNKSPLSKTVHHNLQIN,0
RLTQLPRPQGKWRTEGWDDTHQA,0
VKKAGFKASYHSS,0
SKATKAKALGYPTATYSDSAK,0
IAKSKHVIRVFVSRAKLK,0
PTKGDGVSVSKAKGSRIGIKKSEFV,0
WLYLAIWTKAPGRYHTGA,0
LRAFSNGAKLSGVT,0
LIRLNSLKAAGKFKKNGHNYGLI,0
GFVFVVARNTGHAHDFS,0
FFIVAWHGAVQIAFDVIFELLGT,0
PFQAAREPNSLK,0
TAIHKGSVELLLAAD,0
VHPANYKGDQHYVIPIKNLTIS,0
SAATLIPLIVTNKS,0
TLGAVWLFSRKKAWP,0
GISHKLAWQFLKGYGFK,0
SLFTNEKALRLKKDSPAV,0
SVFWIAHKLLIYAAKAGASKKA,0
EFTGSFYKKSKWFNGFAL,0
LKWVGLGVFKFAFYRWSDRPDA,0
SSWYGLRNKEY,0
RTLGILFNPEPNVKGGGFR,0
RHKGLNTKKGPHLH,0
GEYNGKASVRGVATLSAIP,0
GHESVLSRFRSL,0
FLGILVHLKGGALDKKQ,0
GAAAGRNSFKSARRLA,0
VRLASKGGGYDGTAYFWPLGGPR,0
GNHDLQWKHLKNYYLQ,0
TKIHKAPVRASLKYIG,0
IGLKGAGQTKEHIE,0
ESSQSPGSPGNGSKKLLSD,0
TRGAKGITKKTNWLIKGALSQ,0
GFFAKDIKRKGGSGSEGKEI,0
LILAQPRVEKR,0
RRPLGNFAEKS,0
GGTISTSPKRVPQGALL,0
GYFNLGVIYGVGALGK,0
IRGDSPRRLVAKAIGGWIRV,0
TELYNIQGGHLAAANG,0
AHAGVRPGSSKRSDDTS,0
PGLPVSKAFTRSLGPKGYKSLYS,0
IDLLSGRYKFDI,0
DVRKLRISEAWRANFAAGHR,0
GLKDLKNNSIG,0
PTITSFITHVWSLVVARLV,0
QGVKIWNRLRRGTEVPSG,0
RFGKRDQARFLI,0
VFESGSQKHLVGTGL,0
QRAGLIYTNTAGAPTAQL,0
DPPTLYQKRDFLV,0
ELVFVRWYRGANKIGLDGKTYALN,0
GGEASIRTKKFIAPYLTALSHPLLN,0
FYPVVIPKKGTLWAKAFAKPN,0
KNKKREQRFNASLPY,0
YLDLVKNPGAPLWAGYLRAI,0
IGAKKFSQLATLG,0
KVNFIALFASKNEYVNTTK,0
GKTYLRWEDGRGYLQHKIQTKKS,0
VRKKAAVGSKSWQVKDDLIGNN,0
LVGIKLLENKSYVWITDD,0
FGAKDATNRPGTIWSVAKYFGPKW,0
AIKSVPGGVVYKFKGL,0
KVDLQPGIGGHPHYD,0
IAHALVVGDHL,0
GYIGVLVIRKLQELLI,0
ASPDIFAGDRTT,0
GAVGKLILGYVFKVWG,0
IPPQPSALEATRKLLNI,0
IIFVAAAWSTHRNEETIILGI,0
RYAPLKPELQGGGKYG,0
KTHIVKSSSFNFFSFLRKNGQLWE,0
AGAPLKSLRGALLGGS,0
IKKAPPPHTQDRFAHFAIWLK,0
LGISIGFLLASSYKA,0
AHVGLGIYRGPSLFNATGLKINK,0
PSIETPIAALLPAGKKATVRGIYGK,0
SFFGEPDKSLLLNG,0
VGRLPTRGPKHGGKSLWG,0
VPQTPKTKATLTQRSDNGKEPGFE,0
FKLAIKWFKSGVHAPTPFA,0
GGRFLVEIKNHARKRAGP,0
IKGGPIFGVKLRRLGG,0
AKGALWWATLQRSTR,0
YFVQIVGKNANALITLNLTKWIGLV,0
AKDRRFLWLKEYEWNSRRIG,0
WLLISPLKYNQHK,0
LWVGAGPKNGWWFIIVFLKAKLKF,0
RASKDNLDGVASKGLNDNYRKT,0
SRRLWHGPQLLYKKSAGVFKT,0
VTKPHEDEKII,0
IFANRFLAPSYWDGRGKVSIAWQLW,0
QLKGVNHGRAQLLITVLSPK,0
SGKKEISTGFNKTIIEPLPHVA,0
YETQINRDLRTNIHTFTGDALVG,0
LWTTKFSVGRFSPSIP,0
KKNEQIGYIGGFTNQSVHGRF,0
QFSGSSNINLASSI,0
KKSVHFKKAKSKNGIGFADRS,0
HVQTPLSNYQELIERSYQNQFN,0
FNLAERENFAPDSFNLKYRLSTIL,0
ITDPLNILGFGRLAS,0
QKKWELIYPRKKVGLGAQNISSNGV,0
LDRGGKKVHSYAHNKHLASSVLNGT,0
HKTLRVRKHAARVAF,0
KGGKGFTGFYKKFKFGPHPKKKAT,0
GGLAVREVRGVPSLQFAARTLA,0
PGRSWKEKRFTFRGKAVGTY,0
KKIIQTFGIQVLGKYGGYD,0
EGINKQSRAIS,0
GKLLPKWESVGKEKRFPIF,0
EVAPGFLGRRTN,0
RGGYNSNLLVAKQLGGWFWRH,0
QRFGNARLGKGFSAR,0
STAKGSKSPWAVINNFR,0
VGKEGNQAIRVKKKKSLER,0
IATGSHTRIPSKVKLENKISFFF,0
LGRLLKSRGASLFT,0
ANKNSAKFIPENS,0
RIAGVSYTITPK,0
RLDYKAIITIKTHPPLRRSLTIQSL,0
AKAYHHGLRNYNNHVVV,0
PAWFSLQSNEKPGIKKPNEN,0
ANSRLLIGRGISWAAET,0
TLGPKHKPLLA,0
GFILGVFGKKKILLDP,0
QKRGVLSLRALPEKVWNQY,0
IAIKVLLGLVLGK,0
ERTFFKIKFVYLSYP,0
GEPGKLGATFAYRDSAEH,0
INERVTTKPNL,0
PAFPPVLGAGKFK,0
VYKDKTSIQGKI,0
FGISLSETLGARGIGREPKEWELR,0
KWGLYKHLPDIAKHGQNGIKRRV,0
DHKNLGRSGFGFSGGN,0
TATELWDKNGK,0
HGALNHSYLSNTVSGTLSR,0
IASEKPVEVEDTFEAHIRASG,0
WGLNAGVNGHWLSTSI,0
APPGAGGETDVAI,0
ANIIVGLLNKGKALDALRTQHH,0
PYFGIKIGAKLA,0
LSAGFPARGYASAL,0
LFAAKIQRLHTGWGGNGPIGKDKSS,0
TGRGVSKDFINRTSYLGAY,0
HRLRWTYAKFVFKVILL,0
PNIVFFALAPFFYYGQKTLIWTK,0
FASRAKDRNRKGGAKGLGNL,0
LTSTGAKTSRP,0
KGRHKWRIFGNLSGNHPT,0
IVHSVTSNGLALWAWGGSG,0
HRLGITGLKGAE,0
NKDLKRGGAARGIKPPTRGILAAT,0
AGAGTDTKAKGPGFKAQASL,0
EVPLSTLGKKKERQVQ,0
VSWAGPNYRVRYANKFWKSKA,0
KVGIRKFPIRANLASFGADGLII,0
PIGGVGREVSGLGGVVTGAGKPG,0
LTLNPQRTVWLGGTA,0
NSSQVSLLYVLKIQYFGKW,0
FKSQVQIEPSG,0
SRNFRKYTVFFLQQAIIVS,0
PVGLAHLLHLTIIRTWDGKLQE,0
LLNFLVQWTSALRKKRTTV,0
SYIKITKDGFLGPGEVPQVT,0
KDFGLHLRLEEYL,0
TVQFLKKRPALGLGAFGTFFN,0
EPIRGFVLDNLYVALGWGPKWF,0
HQDESWYKKQAPG,0
PGIWQKRGKFTSYAV,0
NIEQINRRLDVTVSGNASQQITG,0
FSIGLPDDNGGTFFAPYS,0
AESKAKLQPGRSL,0
PQTDTLRRNPGGLVLARKGLFDAQ,0
PINFEKVSVISFAGVFIRKGRTLV,0
GPEWVDGVVSKKLRI,0
PILHILIKPKQRIRHTFGFRDAI,0
HTGNLNILVKALYR,0
VGHYLRSLVPRKGGQY,0
RQPIYQVNAEVW,0
KLTVWGGDPVAGNATGDVP,0
ILESGPSKYIP,0
RYWRSKILLALTIGRIVGGIVINGI,0
SVTENQFVIFLSRFYGVTGFY,0
LSIVAATGGSW,0
FLIKKAYWKKHKGNHTIGLGT,0
PIAEYRNEGSTRIPAAVY,0
GRPTNQGHDPL,0
SGLELNGNITKTQRDLEIN,0
PFRSELRSSKN,0
FLKGLFIVATWSNGQ,0
SSFSVKAKFKFFGARPYLFAK,0
WAIVTKGDVWPLTPTGLQGRPNVDV,0
NVYGVERGVFREASHVPSF,0
SEHLAESFFPFFTVS,0
VRLDEHSNGKLLVGNI,0
RIVDLGSLSDT,0
ANVTLFRTRLSLYAGPKSGWGK,0
HQDFGDLSKASGFSYVNK,0
LPHLPDGPAGKAYQYGK,0
WPALSGAGKYARIGSW,0