189,1,Neg,ACP
VLTIIATIFMPLTFIAGI,0
QLGAGLSVGLSGLAAGFAIGIVG,0
WLYLILGIIFGIFGPIFNKWVL,0
VTWLLFLLGFVAILI,0
TRELFLNFTIVLITVILMWLLV,0
NMLALTIILPLIGFV,0
ATWSTNPAANLLSPAYTL,0
LIPSILFLYIAGWIGWVG,0
HVVGELAKVTAAVYVGLTLQ,0
RQFSITIVSAMALSVLVALILT,0
VNTYLTQLFRPLDMLGMVYRTI,0
AFLLFLLLSTPVGFHH,0
FSGVLPPLMNMVNNLGFALI,0
HIIEFYMSYPIYSVI,0
LTGALSALLMTSGLTMWFHF,0
LSGVVYAVLGY,0
AAPMIGGMITAPLLS,0
LGVGYFLLGLILLYYGSDWFV,0
LTGALSALLMTSGLTMW,0
RRPVILVGMSIFMLATL,0
FSLIVFALPLFIFIVNMGMIAV,0
WLIASFFMFVAVWSWWGR,0
MLIGLEIMINASAL,0
LAMAGNAVGLGNFLRFPVQA,0
YTSNIPIILQSALVSNL,0
VGLGALGAGIGNGLIVSRTIEGIA,0
VWAGWGMVLAVLATF,0
SASAKWSILAPVFI,0
GGAIYNLVAVTLGNIVGGALFMGLGTYIL,0
VAAVTAVMSLILWGLDG,0
VLAIGLLVDDAI,0
HLSWASLFLGFHTLGL,0
MSGEFVGTFLFLWSAFVIA,0
AFYLGASVFVLSTWVSIYIVLDLWR,0
GAHVAHAGLIVFWAGAM,0
GLLVSDIGTIVWGTTAAL,0
LAIVTLISVVQNGFFAHKVEHES,0
FKVLRNVTVVLWSAYPVVWL,0
MFLLIMLGFPINFLTLYVTVQHKK,0
AIYSFWIFLAGLIYYLQT,0
MNLASNLFHIGILGIFVGHFFGMLT,0
YIYQGPMALVLLINFIFLFN,0
MMGAYFVASGISQYLGGVVA,0
GWLAFSLAMLFVFI,0
GALFSVWHNISGSLLATY,0
LVVELVLSAGFLLVI,0
PVLGLLGFIPGGAGGIVNAS,0
SILQRRVV,0
ADVTIRQSY,0
EEETAALTMAMV,0
DEIEKKLSGYLSTLL,0
EKETFREKFMQH,0
TYPALLGLEQARKKARDLIDDARQSLKQLA,0
LDKIHRVLDWAAE,0
SIVDLMKAL,0
TEYQAVREMQDGILEMIKMEKAA,0
SEVRRLVIGRAFN,0
DHAALASLLG,0
GKNAQRNNIEAAKAIADAVRTT,0
SRRMVSYYRT,0
SLDTAVQVLQ,0
GRGLAAWILWNE,0
NKQERTLFKELI,0
VESMKKAMVE,0
GENYTVLLNQLA,0
SRAIAEDAAQ,0
MLDIREIFRTK,0
GFITEMRQKF,0
FGPQAFKLLSAVDIL,0
FPVFEKILKD,0
NADLMNQYVEFVADRLLVA,0
AKDQLHPLLAELLISINRVT,0
GIYSLWSRVVV,0
HQGEYAGISQAPHAARG,0
SIEDFTQA,0
LKVLKILTDERTRRQV,0
DVKLIRRYAYAEAKQFRSLLH,0
NQESRVSEIHSLVH,0
PPTQFKLVLDSIIWAFK,0
PVWTLVAYRQQ,0
HAPYVKDKAEEWRYTDRFLQGYSA,0
TFFFKQNE,0
AHVQNEALLRQAK,0
GLHAAFVHG,0
DLEELEQFAKTFKQRRIKL,0
GLPVVVKL,0
ATFGAITRPMLERIT,0
HISTLWQE,0
AGIMGGGIAYQSASK,0
DYSTIISH,0
PMELAHREYQA,0
FAFPLASFVIANIIG,0
KGKLGEAIDKQFG,0
GKQDREAELDRVKALAAE,0
IGKFLHAAKKFAKAFVAEIMNS,1
GIGKFLHAAKKFAKAFVAEIMNS,1
GIGKFLHSAKKFAKAFVAEIMNS,1
GLFDIIKKIAESF,1
GLFDIVKKVVGAFGSL,1
GLFDIAKKVIGVIGSL,1
GLFDIVKKIAGHIAGSI,1
GLFDIVKKIAGHIASSI,1
GLFDIVKKIAGHIVSSI,1
GLFDVIKKVASVIGGL,1
GLFAVIKKVASVIGGL,1
GLFDVIKAVASVIGGL,1
GLFDVIKKVAAVIGGL,1
GLFDVIKKVASVIKGL,1
GLFDVIKKVASVIKKL,1
GLFDVIAKVASVIKKL,1
GLFAVIKKVASVIKGL,1
GLFAVIKKVASVIKKL,1
GLFAVIKKVAAVIKKL,1
GLFAVIKKVAAVIRRL,1
GLFAVIKKVAKVIKKL,1
GLFKVIKKVASVIGGL,1
GLFKVIKKVAKVIKKL,1
LGGIVSAVKKIVDFLG,1
FLGWLFKVASK,1
FLGWLFKWAWK,1
FLWWLFKWAWK,1
FLGWLFKWAKK,1
FLKWLFKWAKK,1
GLFGVLAKVAAHVVPAIAEHF,1
GFVDFLKKVAGTIANVVT,1
GVGDLIRKAVSVIKNIV,1
GVIDAAKKVVNVLKNLF,1
GLFDIIKNIFSGL,1
GLLSVLGSVAKHVLPHVVPVIAEHL,1
GLLSVLGSVAQHVLPHVVPVIAEHL,1
GLLSSLGSVAKHVLPHVVPVIAEHL,1
GLLSVLGSVVKHVIPHVVPVIAEHL,1
GLFGVLGSIAKHVLPHVVPVIAEKL,1
GIGTKILGGVKTALKGALGKELASTYAN,1
GIGGVLLSAGKAALKGLAKVLAEKYAN,1
FVQWFSKFLGRIL,1
LLRHVVKILEKYL,1
FVDLKKIANIINSIF,1
ILPIRSLIKKLL,1
FLPLKKLRFGLL,1
ALWKDILKNVGKAAGKAVLNTVTDMVNQ,1
LKLSPKTKDTLKKVLKGAIKGAIAIASMA,1
LKLSPKTKKTLKKVLKGAIKGAIAIASMA,1
AIGSILGALAKGLPTLISWIKNR,1
VNWKKILGKIIKVVK,1
VNWKKILGKIKKVVK,1
GMWSKILGHLIR,1
GMWSKILGHLIK,1
GMWSKILKHLIR,1
GMWSKILGKLIR,1
GKWSKILGHLIR,1
GMWKKILGHLIR,1
GKWMSLLKHILK,1
GKWMKLLKHILK,1
GKWKSLLKHILK,1
GFGMALKLLKKVL,1
INLKALAALAKKIL,1
IDWKKLLDAAKQIL,1
RLLRLIRKLII,1
RLLRLIRKLIL,1
LLLLLIRKLIK,1
YLLYLIRKLIL,1
RLLRLIRKLIR,1
QLLQLIRKLII,1
QLLQLIRKLIM,1
MLLMLIRKLIL,1
QLLQLIRKLIR,1
QLLQLIRKLIK,1
QLLQLIRKLIY,1
LLLQLIRKLIL,1
TLLLLIRKLIL,1
RLLLLIRKLIL,1
LLLLLIRKLIL,1
QLLLLIRKLIL,1
QLLLLIRKLIV,1
MWKWFHNVLSWWWLLADKRPARDYNRK,1
GRFKRFRKKFKKLFKKLSPVIPLLHL,1
GGLRSLGRKILRAWKKYGPIIVPIIRI,1
GFIFHIIKGLFHAGKMIHG,1
FFGWLIKGAIHAGKAIHGLIHRRRH,1
FFHHIFRGIVHVGKTIHRLVTG,1
GRRKRKWLRRIGKGVKIIGGAALDHL,1
RWGKWFKKATHVGKHVGKAALTAYL,1
FLSLIPSLVGGSISAFK,1
FLGMIPGLIGGLISAFK,1
FLSLIPKLVKKII,1
FLGMIPKLIKKLI,1
FLFKLIPKVIKGLVKAIRK,1
FLFKLIPKAIKGLVKAIRK,1
