412,1,TM,AMP
AAGAATVLLVIVLLAGSYLAVLA,0
LWIVIACLACVGSAAALTLRA,0
FYRFYMLREGTAVPAVWFSIELIFGLFA,0
GTLELGVDYGRAN,0
KLFWRAVVAEFLATTLFVFISIGSALGFK,0
HGSIGAGVDW,0
ATIYLVCFCFFKQLAMIFMSVLAGNMYE,0
GKLSLAATRSSE,0
TSRLLLAGVALGIICSALMTWAIYF,0
LGFFLVTFGFIWGMMLL,0
YMLFTMIFVISSIIITVVVI,0
ACFSAKVN,0
LIWVAATLAGAIIAVLLVIYA,0
HIPFAFAFAILAYLTLVLFRPVM,0
CGLLVLLTLLLMGAIVTLGVF,0
TGVYILVGVVLWTA,0
LSMFIITPVMVLGTIFIFVMG,0
MTLVALLVIGVSLTGYLGLKA,0
QLYYQVLNFGMIVSSALMIW,0
ALGALCLLLSVGSATACLLLGA,0
LAVIFFFASALLYSQAAT,0
MGHQLLVQLESIAITIVWSGVVAFIGYKLADLT,0
ADILILSLLVIQCALGLLTIPFSA,0
RHQQATFAGFIKGATWVSILSIAVLVFLALAN,0
GTKWWTVGIRPMYKW,0
PAIRVFATYAKWDEK,0
PHVFLLFITFPILFIGWGSQS,0
AGLVLWGAIIFVGWNALLLLFFW,0
TQIVLLGLVTAALWAGLLTLLLLWHW,0
SFIGRVFLFLMIVLPLWCGLHRMHHAMHD,0
MYLGAGIALIPVIMSINYL,0
FQTGFDFSD,0
LISGTLGIICLSLMATLGILL,0
FPFLNNLSFWFTVVGVILVNVSLG,0
LDIYTRLGGMVWR,0
FLIFLLVIMTVITVALLTLLF,0
KDIGILYLFTAGIVGLISVCFTVYMRMELQH,0
PLFYIINILVPCVLISFMINLVFYL,0
HKALKTLGIIMGVFTLCWLPFFLVNIVNVF,0
ANLKKLKTLMSAFLIVLGLLTFGA,0
IWVGIFLLAALLAALFVCLKA,0
KGAAGITGAGFITLAATLS,0
VVLLAIVTLISVVQNGFFAHKV,0
IAIDVLAVLVPLAAFLLDGSPDWSLYCAVWLLKPLRDS,0
ALTVGTLLFLTGIGAASWAIV,0
ITLIIFGVMAGVIGTILLISYGI,0
WVWISLYYVAFYVVMSGIFAL,0
GSNVALHVN,0
GVLELGVDYGRAN,0
IYLLILIILSMLCLVYASVPL,0
LCSFLFVIVLFVATFYTL,0
PLYFIVNVVIPCLLFSFLTGLVFYL,0
ALLIAGGVGLLALAAALVLNA,0
IWTWLRTTL,0
PAHMIAISFFFTNALALALHGALVLSAA,0
GGSLYIVGIFLPIWTFMIYIF,0
GLTLGTGGR,0
STVTGGYAQS,0
DCFLLLVLLLYAPVGFCLLVL,0
FWRAVVAEFLAMILFIFISIGSALG,0
DPVLYQHILWFFGHPEVYIIILPGFGIISHVISTFAK,0
LTFTEKWN,0
IRDTLMRLVLTVRSN,0
GKLSLAATRSTE,0
GYNKFVVQYATDA,0
QFHTMLMIAASGAVLIALGILCLVIQMYVSIR,0
LILVLFVVLVSSVGVSLTLYA,0
MASLWADYT,0
DAWSGFVRGYGYDNRTN,0
RWLWDFVNA,0
MFVALLGLGLGQVVCSVALFF,0
NMSTYVDYII,0
IWVKMTFIVVLGLCFVFFWSF,0
SLLISVVLVAYYLYIPLPDAI,0
RKTTINGLIVAVILGVCFTGLQAYEYSHA,0
IPVQLLWVNLVTDGLPATALG,0
LAVIAGGVGFIMVAVLLVLFA,0
MNKRNIMNLILAGGAGLPITTLALGYGAFF,0
IALIVAGLSALGIATALVLNA,0
NGNMWRILDHGAISL,0
VAIICAAVVAVGLIVGLSVGL,0
FSFLIVAGATTLFCLLHFGVI,0
VGISIATIVAIIAAIYYVPW,0
PLFAWSVFITAWLILLSLPVLAGAITMLLMDRNF,0
LILIGAGLGVLALAAGLILTA,0
LGLAAGAIYYYNTSNVFA,0
QLGAGAFGGYQV,0
IAIALLVILVVCSLITMSVIL,0
LAFLIGGIIGGLLLLIGVSCCLW,0
NGHMLRILDHGAISM,0
MALILGIDRFMSECRALTNF,0
AVIAGTTLAITALAVTS,0
LYIVLAILCGVSIAVALALTA,0
AAVTLGVLCLGLLVTVILLILQL,0
LWLVIGVLTAAALAVTLIALA,0
GTLLLLTAIGAASWAIVAVLL,0
LLLVASVIQGLGLLLCFTYICLHFSAL,0
AMIVALIVICITAVVAALV,0
LVFIGTCGAVLAVALGLVLWA,0
TRFGIAAKYQ,0
IPWAVLIVVLITSLIIALIAL,0
LWVVCAVLAGLGLTTALVLYA,0
FAGRVLAGAVMMSGIGIFGLWAGIL,0
LLIVLAGLAVVAVASGLILNA,0
VGSIVGGIYLGFCFNAGAPAVEAFI,0
MLSLGVSYR,0
LTKWFFCCVCTILTMPFF,0
LATIAASAIVLVVAVGLGLMA,0
PIVVTGAVY,0
KPHNLPMVFTGTAILYIGWFGFNAGSA,0
DEFGEQLSKVISLICVAVWL,0
HTLLTGVDF,0
SVELIALLAISCTFFLFMHT,0
LLIALLIYWTLAFITKTIKF,0
FKLVIFVVLGIAIASGLMLYA,0
CTLSISVLLAQTIFLFLIA,0
FVIAGGTLAIPILAFVASFLL,0
LLVITAIVLILSAAVGLVMYA,0
LALATALIGGVAAIASLLLYA,0
NPVIVIINLITLAAALLHTKTWFEL,0
FIVVAGVVILAVTIALLVYFL,0
IGLMCFLSIIITTVCIIMIAT,0
FSVDTQLQS,0
EVYILLNWIGYVNSGFNPLIYCRS,0
LTLAVALIVGVSAIASLLLYA,0
LYLAVVVLIGIGLTTTLVLYA,0
MSTAISVLLAQAVFLLLT,0
ALPGLMNKMEKAGCKRSVV,0
KQFIRYLISSNVGEVVCIFL,0
KYVVSSLVLVYGLIKVLTWIF,0
TGVSPVFAGGVEYA,0
IVIVLGILCFLLLLTVAVLVI,0
KSLGILGILLGVAALCTIVALSVV,0
LCLFVVTPVMVVGTAWIFL,0
LYLAIVVLIGVALTATLMLYA,0
LTILLAIAPVLALAVGLALYG,0
FFVLLLMILILVNLAMTIWIL,0
FIVLIPSVVITVIFLFFWLFM,0
ILVLLILAVITIFALVCVLLV,0
TYFIVLIPSVVITVIFLFFWLFM,0
FLVLFIFLTSFFLNYSHTMVA,0
GDKIGMFFQAMATFFGGFIIGF,0
SNGVIVGTCLAFVAGMIGMAYAA,0
FTFEGAARSDD,0
MNYMVYFNFFACVLVPLLLMLGVYL,0
AGLILLVVTLIGMSVLVRVLI,0
VFLAVYLLGGITFLPLVLFTL,0
LIKISALVFVTVAFFYLG,0
GFFGVATFFFAALGIILIAWSAVL,0
GQWEISVIWGLGVAMAIYLTA,0
LWWIQAMTGFAMFFLGSVHLYIMMT,0
IAVVITVVFLTLLSVVILIFF,0
QVVATATFR,0
MLLCFAFLWVLGIAYYMY,0
IFCIIMLFALLGFL,0
PLCICVAFTCLALVLVTSIVL,0
LIIVLAIVVGVGAAVGLALSA,0
ILVPCVLGLLLLPILAMLMALCV,0
LGLLLAALICVGIATTLVLNA,0
GYAAYYLVRKNFALAMPYLVE,0
LPRTLAVLLVGAALAISGAVMQALF,0
ILLFYVIFYGCLAGIFIGTIQ,0
IMSTLLEVGYDNVKSQ,0
LLAVALIIAMSISLAWQAAGW,0
IVGQLLFVALGITFIYYLFTP,0
NFWMFGLFFFFYFFIMGAYFPFFPIWL,0
LVLIVGIVAAVGVAAALVLNA,0
LTLAVALIGGVAAITSLLLYA,0
ASGGIILIIAAILAMIMAN,0
GSAGGAALAVVVLALAFGLSG,0
LFVLLLLAILVVNLALTIWIL,0
SPPLVLAALVACIIVLGFNYWIA,0
LLFLILGIISFITFFLQGFTF,0
LIVKALGILCFLLLITVAVLAV,0
QYIHVAFQGSFACITVGLIVGAL,0
QGIAVFGYSMAVSIGGILASR,0
DHKRLGIMYIIVAIVMLLRGFADAIMMR,0
IFRLHLVLGMTLFLLF,0
LVSAIILTSFMTGLFILSLWK,0
AVVGGVIAAVFITLITVVVLI,0
INLGCDVDFD,0
ALSALCLLLSVGSAAACLLLGA,0
FTVIAGAVIVLLLTLNSNS,0
LLFVSLLFCLIAQTCWLALV,0
MVLVALLVIGVSLAGYLGLKA,0
LVIPHILRLC,0
LIRVLLGFVILFITYILFPSI,0
PLFYIINILAPCVLIALMANLVFYL,0
HKLGLGLEFQA,0
ILFVAVSFIALGCVSAFVLFE,0
AVVSAQIAITASPIS,0
LTIIGGALFVLAVAAGLVLNA,0
GCCGLLALALCSLALSLLA,0
LIVLLAIVTIIAIALVAILP,0
TEISAGWG,0
FWRYFAGNLASGGAAGATSLCFVYPLDFARTRLAA,0
IVAALGIIGLWMFFSSNELSIAT,0
MTVILFVLLGISIASALVLYA,0
SNATIAVACLSFFVCMIGAAYAS,0
LKLTFDSSFS,0
LNVLLSAAINFFLIAFAVYFLV,0
HSAMLWTIGFIVTFSVGGMTGVLLAVPGADFV,0
AVLSAKGQY,0
LWELVIEQFEDLLVRILLLAA,0
FFIVMGLVDAIPMIAVGLGLY,0
LAVIAGGMGFIATAVLLVLFA,0
ACYCRIPACLAGERRYGTCFYMGRVWAFCC,1
AGRGKQGGKVRAKAKTRSSRAGLQFPVGRVHRLLRKGNY,1
ALFSILRGLKKLGNMGQAFVNCKIYKKC,1
ALSILKGLEKLAKMGIALTNCKATKKC,1
ALWKDILKNVGKAAGKAVLNTVTDMVNQ,1
ALWKNMLKGIGKLAGQAALGAVKTLVGAES,1
ALWKTLLKNVGKAAGKAALNAVTDMVNQ,1
ALWKTMLKKLGTMALHAGKAAFGAAADTISQ,1
ALWKTMLKKLGTMALHAGKAALGAAADTISQGTQ,1
APGNKAECEREKGYCGFLKCSFPFVVSGKCSRFFFCCKNIW,1
ASIIKTTIKVSKAVCKTLTCICTGSCSNCK,1
ATCDLLSGTGIKHSACAAHCLLRGNRGGYCNGRAICVCRN,1
ATTGCSCPQCIIFDPICASSYKNGRRGFSSGCHMRCYNRCHGTDYFQISKGSKCI,1
AYPGNGVHCGKYSCTVDKQTAIGNIGNNAA,1
CANSCSYGPLTWSCDGNTK,1
CRQSCSFGPLTFVCDGNTK,1
DDTPSSRCGSGGWGPCLPIVDLLCIVHVTVGCSGGFGCCRIG,1
DFASCHTNGGICLPNRCPGHMIQIGICFRPRVKCCRSW,1
DFKDWMKTAGEWLKKKGPGILKAAMAAAT,1
DGVKLCDVPSGTWSGHCGSSSKCSQQCKDREHFAYGGACHYQFPSVKCFCKRQC,1
DKLIGSCVWGAVNYTSDCNGECKRRGYKGGHCGSFANVNCWCET,1
ELCEKASKTWSGNCGNTGHCDNQCKSWEGAAHGACHVRNGKHMCFCYFNC,1
FCKSLPLPLSVK,1
FFGSLLSLGSKLLPSVFKLFQRKKE,1
FFGSVLKLIPKIL,1
FFGWLIKGAIHAGKAIHGLIHRRRH,1
FFGWLIRGAIHAGKAIHGLIHRRRH,1
FFPIVAGVAGQVLKKIYCTISKKC,1
FGLPMLSILPKALCILLKRKC,1
FIGLLISAGKAIHDLIRRRH,1
FIGPIISALASLFG,1
FKLGSFLKKAWKSKLAKKLRAKGKEMLKDYAKGLLEGGSEEVPGQ,1
FLGGLMKAFPAIICAVTKKC,1
FLGGLMKAFPALICAVTKKC,1
FLNALKNFAKTAGKRLKSLLN,1
FLPAIAGMAAKFLPKIFCAISKKC,1
FLPAIAGVAAKFLPKIFCAISKKC,1
FLPAIVGAAAKFLPKIFCVISKKC,1
FLPAIVGAAGKFLPKIFCAISKKC,1
FLPAIVGAAGQFLPKIFCAISKKC,1
FLPAVLRVAAKIVPTVFCAISKKC,1
FLPAVLRVAAKVVPTVFCLISKKC,1
FLPAVLRVAAQVVPTVFCAISKKC,1
FLPFIAGMAAKFLPKIFCAISKKC,1
FLPFIAGMAANFLPKIFCAISKKC,1
FLPFIAGVAAKFLPKIFCAISKKC,1
FLPFLATLLSKVL,1
FLPGLLAGLL,1
FLPIASLLGKYL,1
FLPIIAGVAAKVFPKIFCAISKKC,1
FLPIIASVAAKVFPKIFCAISKKC,1
FLPIIASVAAKVFSKIFCAISKKC,1
FLPIIASVAANVFSKIFCAISKKC,1
FLPILASLAAKFGPKLFCLVTKKC,1
FLPILASLAAKLGPKLFCLVTKKC,1
FLPILASLAATLGPKLLCLITKKC,1
FLPLFASLIGKLL,1
FLPLIGKVLSGIL,1
FLPLIGRVLSGIL,1
FLPLLAGLAANFFPKIFCKITRKC,1
FLPLLAGLAANFLPKIFCKITRKC,1
FLPLLAGLAANFLPTIICKISYKC,1
FLPMLAGLAASMVPKFVCLITKKC,1
FLPVVAGLAAKVLPSIICAVTKKC,1
FMGGLIKAATKIVPAAYCAITKKC,1
FSFKRLKGFAKKLWNSKLARKIRTKGLKYVKNFAKDMLSEGEEAPPAAEPPVEAPQ,1
FVPYNPPRPGQSKPFPSFPGHGPFNPKIQWPYPLPNPGH,1
GAIKDALKGAAKTVAVELLKKAQCKLEKTC,1
GFFSLIKGVAKIATKGLAKNLGKMGLDLVGCKISKEC,1
GFFSTVKNLATNVAGTVIDTLKCKVTGGCRS,1
GFGALFKFLAKKVAKTVAKQAAKQGAKYVVNKQME,1
GFISTVKNLATNVAGTVIDTIKCKVTGGC,1
GFKGAFKNVMFGIAKSAGKSALNALACKIDKSC,1
GFLDSFKNAMIGVAKSVGKTALSTLACKIDKSC,1
GFLSILKKVLPKVMAHMK,1
GFLSTVKNLATNVAGTVIDTLKCKVTGGCRS,1
GFMKYIGPLIPHAVKAISDLI,1
GFSSIFRGVAKFASKGLGKDLARLGVNLVACKISKQC,1
GFVDLAKKVVGGIRNALGI,1
GIFPKIIGKGIKTGIVNGIKSLVKGVGMKVFKAGLNNIGNTGCNEDEC,1
GIFPKIIGKGIKTGIVNGIKSLVKGVGMKVFKAGLSNIGNTGCNEDEC,1
GIFSKFGGKAIKNLFIKGAKNIGKEVGMDVIRTGIDVAGCKIKGEC,1
GIFSKLAGKKLKNLLISGLKNVGKEVGMDVVRTGIDIAGCKIKGEC,1
GIFSKLGRKKIKNLLISGLKNVGKEVGMDVVRTGIDIAGCKIKGEC,1
GIFSLIKGAAQLIGKTVAKEAGKTGLELMACKVTKQC,1
GIFTLIKGAAKLIGKTVAKEAGKTGLELMACKITNQC,1
GILDAIKAIAKAAG,1
GILDFAKTVVGGIRNALGI,1
GILSLFTGGIKALGKTLFKMAGKAGAEHLACKATNQC,1
GILSSIKGVAKGVAKNVAAQLLDTLKCKITGC,1
GIMDSVKGLAKNLAGKLLDSLKCKITGC,1
GIMDTIKDTAKTVAVGLLNKLKCKITGC,1
GINTLKKVIQGLHEVIKLVSNHA,1
GINTLKKVIQGLHEVIKLVSNHE,1
GIPCGESCVWIPCISAALGCSCKNKVCYRN,1
GKLQAFLAKMKEIAAQTL,1
GKVWDWIKSAAKKIWSSEPVSQLKGQVLNAAKNYVAEKIGATPT,1
GLADFLNKAVGKVVDFVKS,1
GLFDVVKGVLKGVGKNVAGSLLEQLKCKLSGGC,1
GLFKVLGSVAKHLLPHVAPIIAEKL,1
GLFLDTLKGAAKDVAGKLLEGLKCKIAGCKP,1
GLFLDTLKGLAGKLLQGLKCIKAGCKP,1
GLFSILRGAAKFASKGLGKDLTKLGVDLVACKISKQC,1
GLFSKFNKKKIKSGLFKIIKTAGKEAGLEALRTGIDVIGCKIKGEC,1
GLFSKFNKKKIKSGLIKIIKTAGKEAGLEALRTGIDVIGCKIKGEC,1
GLFSVLGSVAKHLLPHVAPIIAEKL,1
GLFSVLGSVAKHLLPHVVPVIAEKL,1
GLFTLIKGAAKLIGKTVAKEAGKTGLELMACKITNQC,1
GLLDFVTGVGKDIFAQLIKQI,1
GLLDSIKGMAISAGKGALQNLLKVASCKLDKTC,1
GLLDSLKNLAINAAKGAGQSVLNTLSCKLSKTC,1
GLLDTIKGVAKTVAASMLDKLKCKISGC,1
GLLGGLLGPLLGGGGGGGGGLL,1
GLLGPLLKIAAKVGSNLL,1
GLLGSIFGAGKKIACALSGLC,1
GLLGSLFGAGKKVACALSGLC,1
GLLKRIKTLL,1
GLLSGLKKVGKHVAKNVAVSLMDSLKCKISGDC,1
GLLSKVLGVGKKVLCGVSGLC,1
GLLSVLGSVAKHVLPHVVPVIAEHL,1
GLMSSIGKALGGLIVDVLKPKTPAS,1
GLNALKKVFQGIHEAIKLINNHVQ,1
GLNTLKKVFQGLHEAIKLINNHVQ,1
GLWNKIKEAASKAAGKAALGFVNEMV,1
GLWSKIKAAGKEAAKAAAKAAGKAALNAVSEAV,1
GLWSKIKEAAKTAGLMAMGFVNDMV,1
GLWSTIKQKGKEAAIAAAKAAGQAALGAL,1
GPLSCGRNGGVCIPIRCPVPMRQIGTCFGRPVKCCRSW,1
GRLQAFLAKMKEIAAQTL,1
GRPNPVNNKPTPHPRL,1
GRPNPVNTKPTPYPRL,1
GSGRGSCRSQCMRRHEDEPWRVQECVSQCRRRRGGGD,1
GSKKPVPIIYCNRRTGKCQRM,1
GVLDILKNAAKNILAHAAEQI,1
GVVDILKGAGKDLLAHLVGKISEKV,1
GWKDWAKKAGGWLKKKGPGMAKAALKAAMQ,1
GWKDWLKKGKEWLKAKGPGIVKAALQAATQ,1
GWKDWLNKGKEWLKKKGPGIMKAALKAATQ,1
HGVSGHGQHGVHG,1
IFGAILPLALGALKNLIK,1
IIEKLVNTALGLLSGL,1
IIGHLIKTALGMLGL,1
ILGTILGLLKGL,1
ILGTILGLLKSL,1
ILPLVGNLLNDLL,1
ILQKAVLDCLKAAGSSLSKAAITAIYNKIT,1
INWKKIAEIGKQVLSAL,1
INWKKIAEVGGKILSSL,1
INWLKLGKAIIDAL,1
IPRPLDPCIAQNGRCFTGICRYPYFWIGTCRNGKSCCRRR,1
IWLTALKFLGKHAAKHLAKQQLSKL,1
KDRPKKPGLCPPRPQKPCVKECKNDDSCPGQQKCCNYGCKDECRDPIFVG,1
KTCEHLADTYRGVCFTNASCDDHCKNKAHLISGTCHNWKCFCTQNC,1
KTCENLADTY,1
KTCENLSGTFKGPCIPDGNCNKHCRNNEHLLSGRCRDDFRCWCTNRC,1
KTCMTKKEGWGRCLIDTTCAHSCRKYGYMGGKCQGITRRCYCLLNC,1
KWCFRVCYRGICYRKCR,1
KWCFRVCYRGICYRRCR,1
KYYGNGVSCNKKGCSVDWGKAIGIIGNNSAANLATGGAAGWSK,1
LCNERPSQTWSGNCGNTAHCDKQCQDWEKASHGACHKRENHWKCFCYFNC,1
LFCRKGTCHFGGCPAHLVKVGSCFGFRACCKWPWDV,1
LLGRCKVKSNRFHGPCLTDTHCSTVCRGEGYKGGDCHGLRRRCMCLC,1
LLGRCKVKSNRFNGPCLTDTHCSTVCRGEGYKGGDCHGLRRRCMCLC,1
LLKELWTKIKGAGKAVLGKIKGLL,1
LLKELWTKMKGAGKAVLGKIKGLL,1
LLPILGNLLNGLL,1
LLPNLLKSLL,1
LMCTHPLDCSN,1
LNLKGIFKKVASLLT,1
LPVNEAQCRQVGGYCGLRICNFPSRFLGLCTRNHPCCSRVWV,1
MSWLNFLKYIAKYGKKAVSAAWKYKGKVLEWLNVGPTLEWVWQKLKKIAGL,1
QDKCKKVYENYPVSKCQLANQCNYDCKLDKHARSGECFYDEKRNLQCICDYCEY,1
QGVRNHVTCRIYGGFCVPIRCPGRTRQIGTCFGRPVKCCRRW,1
QKLCERPSGTWSGVCGNNNACKNQCINLEKARHGSCNYVFPAHKCICYFPC,1
QQCGRQASGRLCGNRLCCSQWGYCGSTASYCGAGCQSQCRS,1
QRFIHPTYRPPPQPRRPVIMRA,1
RQRVEELSKFSKKGAAARRRK,1
RSGRGECRRQCLRRHEGQPWETQECMRRCRRRG,1
RSVCRQIKICRRRGGCYYKCTNRPY,1
SAPRGCWTKSYPPKPCK,1
SCTTCVCTCSCCTT,1
SFGLCRLRRGFCARGRCRFPSIPIGRCSRFVQCCRRVW,1
SGISGPLSCGRNGGVCIPIRCPVPMRQIGTCFGRPVKCCRSW,1
SIVPIRCRSNRDCRRFCGFRGGRCTYARQCLCGY,1
SKGKKANKDVELARG,1
SMLSVLKNLGKVGLGFVACKINKQC,1
TSYGNGVHCNKSKCWIDVSELETYKAGTVSNPKDILW,1
VDKGSYLPRPTPPRPIYNRN,1
VDKPDYRPRPRPPNM,1
VDKPDYRPRPWPRNMI,1
VDKPDYRPRPWPRPN,1
VDKPDYRPRPWPRPNM,1
VLPIIGNLLNSLL,1
VLPLISMALGKLL,1
VNPIILGVLPKFVCLITKKC,1
VRNFVTCRINRGFCVPIRCPGHRRQIGTCLGPQIKCCR,1
VRNHVTCRINRGFCVPIRCPGRTRQIGTCFGPRIKCCRSW,1
VTCDLLSFEAKGFAANHSLCAAHCLAIGRRGGSCERGVCICRR,1
VTCDLLSIKGVAEHSACAANCLSMGKAGGRCENGICLCRKTTFKELWDKRF,1
VTCFCKRPVCDSGETQIGYCRLGNTFYRLCCRQ,1
WLGSALKIGAKLLPSVVGLFKKKKQ,1
WNPFKELERAGQRVRDAIISAGPAVATVGQAAAIARG,1
WNPFKELERAGQRVRDAVISAAPAVATVGQAAAIARG,1
YDLSKNCRLRGGICYIGKCPRRFFRSGSCSRGNVCCLRFG,1
YSKSLPLSVLNP,1
YVSCLFRGARCRVYSGRSCCFGYYCRRDFPGSIFGTCSRRNF,1