726,1,HEL,AMP
FDQAQTEIQATMEEN,0
DVDAALHYLARLVEAG,0
RCPLVIDYLIDLATRS,0
NPATLMMFFK,0
NLEDSIQILRTD,0
TTTAGKLAYFYKKR,0
DDKEIAELTLAVSAINAWNRFGVGM,0
SLELWLNKAT,0
SAAELRHVMTNL,0
TVEQMINACRTSR,0
TEKEILDAFDKMC,0
FHGILTHLEQLIKRSEAQLRVYFISILN,0
YSGIVFYAL,0
TPVYRTAIRYYLQMLF,0
PLDEALKKAL,0
TPEELEAH,0
SLGEYLFERLT,0
VLYQRFAEYYYPQIF,0
GDVRDVFVAIVQSVKN,0
ERPLIELVYLRTSQING,0
KDILIALG,0
ILLNEKNLAFNLAGHVNHTIWWK,0
SQEMDYFMEIF,0
SEKERQIKKQTALVELVKHK,0
TPHIGALVEMLTYARLTTLQAVE,0
SSNNILIAIVQGAQ,0
RHDLLRRVDDFEAG,0
RGDYLNAWWN,0
TWSKVAEGMIKMYKAEV,0
DRMRLERHL,0
STWLTAFVLKVLSLAQ,0
LLVAHAYTRYLGDL,0
TENQEKGAYRVIEHLIKNE,0
PVFAEKVMKIRTVLNKL,0
DTAKALAAH,0
KVEDIKLAIK,0
TSVDLVRASEAHCHYVVVKVFSDKL,0
SKAARHVADVIVSFQ,0
ESERHFIMQVVCEATQ,0
LDRRVKATIEQFMKILEEID,0
PLARIKKIMK,0
DEPQVQAKIMAYLQQEQSNR,0
NQEQQLMMATLVRY,0
NMKAFLDEL,0
TDLMNREKKN,0
SEDILQMIADITG,0
QDATLGSLLSSLM,0
YYQERRLK,0
DKAAQDKAIAA,0
RVEAAVWVHQE,0
HPEDARSR,0
GVGAHVVQVLYDNAVKR,0
GFQDLKMRVAGDLAK,0
AHYITRLFQLIIEDSVLTQQALLQQ,0
KEELQEHL,0
GGSSGVLMSIFFTAAGQKLEQ,0
NPMDLKRGIDVATAKVVEAIKS,0
IATLCTKVLDFG,0
LNKELETLREEN,0
APVIIDCFR,0
NGELFQVLKMMV,0
TGTMTGIAFSKVT,0
SLQQINAVCDEL,0
DNDFEDMMTRYKEVN,0
SLANLVHLVEKY,0
ELPKALERFQELLRRL,0
YLPLQEALGS,0
VGAVCAGCLSAR,0
TREAVTEILG,0
KGQDLLKRVCEHLN,0
SEAEIKVREAT,0
MNELLLKSV,0
DDEAQTLAKWVLS,0
NKTVYLNKAIDLGDRLAL,0
APDADARAVQATYWADQWAKE,0
GGGYKTVEKRLEAAVHLRF,0
MKNVANVRKTLG,0
TPEARSRLANLR,0
LPSDTRQIAIDSG,0
LQITQWIKEWHGEFLLERDNRA,0
LYPYLEYRQITDD,0
SVERLMTLLNAL,0
RRADHLKDLW,0
AEIIRYIFAYL,0
MTTYTTIKEYLAEC,0
FKDQGRRAQQLEA,0
EESVQHVVMTAIQELMSKS,0
SSAEWEVMNIIWMKK,0
IFSECFYTMAMNELWRV,0
DLAGLTSLLSEKIKEFLQEKK,0
DQAVVQKSLAAIADDSKKL,0
ETAKQQLIDWMEA,0
LPTVKKFLQ,0
TGKVKGRVIEILFSWTVWF,0
NFHEVMLALTVLETCVKNC,0
KGIELLGDIIE,0
LGQEFRAFSILLKEEVKNIQRTAELLL,0
PSETITEILGVIA,0
EMQRMQELINASAEN,0
PAQARIEAESVKAVQEKMA,0
MYQFQRSFIKAAK,0
NSEDVGVAILVRFFVNF,0
LALGKAVFDGN,0
NIQYFLDRFYLSRISIRMLINQHTLIFD,0
NLHRVAAHELGHSLG,0
TTGKMLAALQKL,0
DYRSLGFRECLAEVARYLSII,0
DDKFYYNRLKYYK,0
TVGDVVAYIQKLEE,0
TIYKKLEECYK,0
YETIIDAIT,0
DREAVEKLQEPLLDVLQKLCK,0
SPKEKEKIAIHEAGHALMGLVS,0
NLSTLAALVAAAG,0
EDFPASELARISKLIEN,0
NERIEKEMIKDLESIIEDFFIETG,0
DVETALAG,0
NVKPIEDIQDNLLQALELQLKLNH,0
GLHAKMVQVAAAVLG,0
GLTSLMAIDKL,0
LKDKILGVAKELFIKNG,0
HWKDVERIAHNQ,0
TLKEVLDIAISVEKDSIILYYELKDGL,0
SDLQNAGTQLKRLVDT,0
DHKRDMVYNRLVRRLRAL,0
EAGDLRMIMGIYKIVSDLERMGDEAENIAERAILLA,0
TASGKSILAFV,0
TDKQMNYIELYYA,0
GLTAQLRRAAVSIPSNIAEGA,0
RDQHEFVS,0
IKKEQKLIQAQNLVREFEKTH,0
APGTYIVGLITIS,0
TRRGAEKTAVKLSAITAK,0
VPADGILYAARDVT,0
FLLPGLLITCHVAR,0
DLQTLRENVRK,0
GMRFALMNMKLALIRVLQ,0
TPEKRAEKIWGFF,0
SDDELERILKELSNLE,0
EIFELGKKYLELIGYVKDHL,0
NTKYRDAVRKAANFLVNSQ,0
LVPAFQNLMK,0
VRDIDMSLK,0
ALGLLVKDLGIAMGVLD,0
TPELQQEIVELIKRAVDLEIEYAQDCL,0
TAQMEGRLQEFLTAY,0
IEKTQRMLSGFC,0
EPKLITRLADTVRT,0
GRDFALLEGPIVLRAFFR,0
DLTSAEAVRDLIEA,0
KFEQLKEGYLKDLPTTMKMWSDFLG,0
DLQTLRENVRK,0
DHVEFKRFRFLVIEAILA,0
DIEKATDWVFNN,0
TLDEWKAYGKISG,0
NWDEAAARFAAKK,0
SLFEMYAHLSLICHADLLILN,0
SITDLTKALG,0
NAKRFVSR,0
TIKEFILLTYLFH,0
RETFNAYTRELLDRHARD,0
GLAGRLRPLVRE,0
EEELKTHISKG,0
SLKDQLALAIGKLG,0
KPLDQLMRYVQEQ,0
DVQTYRHSTAFEALIGYHHLL,0
TPSLDEMVNVAKEMERQ,0
LPVPSYIIYTLLG,0
NLTVFDDARVAVRGHARAQRNLLERLETELL,0
AEEEANQLGTLINSMIEGGIMLSLTNK,0
VSDCTAEALKAVLLLQEKC,0
TEEKIEEYSDVLKEKAEEISRKL,0
STAVLNCLK,0
ADDVKEAVQNAVETLKSL,0
KLVRYFLDKTLTSRLGIRMLATHHLAL,0
EDLGRMYNLVSRI,0
LFIKNRTERY,0
SENFSSLLELTLLVGNY,0
HADAFAELDYNIFRGLAFAS,0
SKNLDTLLG,0
TNDEGHRLLSDLERELN,0
SRETVGRILKMLEDQ,0
MDHRIERLEYYIQLLVK,0
SSEFAKQMST,0
DDADLEKFVIEY,0
KDLREIQSALQHHLKKLEGRRLDFDYKKKRQG,0
DAVTDGIITDILRTLGKAIWMLGATLK,0
SEENIDFWISCEEYKKI,0
GIAELLEILGSIING,0
ETLKYLFLLF,0
DPVVMKAIS,0
TPTFINHMVNEVEEYIAVLEFLKK,0
LPLLAQDF,0
DEELGRFYHGLLKSEARHYQGYLKLAHNYG,0
PDLALRMAVRN,0
TSTDVHVFEVALPLIKDLVAS,0
SLADLVAASIFTRYFESL,0
GSCFEDLAEE,0
DIKERALIDMYIEGIADLGEMILLL,0
DKQTGDLLEEIYR,0
TIEECTIYI,0
NRSEVQANLSLFLEAASGFYTQLLQELCTVF,0
PESVLQAAG,0
DPAERDALLANEATK,0
RAGVLEKLARLVAEKHG,0
YTELFEEYSK,0
DATDRCCFVHDCCYGR,0
GGNGISDEY,0
EQGCHNFC,0
GVDELLEYIA,0
MFTDALGI,0
FTPFKNAWLKRLRE,0
QAEITQLMSLIINT,0
SEDVQRRFVQEVVQS,0
DEERKKYVASYLGVIMA,0
DNLDRGILEALMGN,0
QSQAIVRYLSKKY,0
DDILDAWGKAYGVIADVFIQVEADLYAQAV,0
LQEFQEGSKAD,0
DLMKELYQRCER,0
NQQELLKAIKATTKILNLEQQLVLE,0
IPEYVDAFRKAF,0
NVTKLNDRIEAKKKELIYLVEKY,0
RLRDTLTSEKSKIETELKNKMQQ,0
RAAEIRETLTQGLEFCRRQQ,0
IVAQFERQLLDLG,0
PMEVFEQALKN,0
NETGKEKLLISKIFTN,0
TEEEIQEKENLL,0
NILKQIFKLLQA,0
NANLAMAVIDG,0
IAEAVEREQ,0
GMNALYQFLTS,0
FLAGLTRLSFAILN,0
DPTLEWFLSH,0
DCAAVANWIF,0
LEDALSSD,0
SFEYHFHDTVAGGD,0
TVEEIEDAF,0
PEDVFHSLDFLIEVMIGYGMAY,0
DYKTALQEIVQSEHK,0
EKYQAIGAYYIQHTC,0
DAWRLWKVGEQL,0
SSELDSVL,0
AMMYIQELRS,0
SSAVVFKQMVLQQA,0
DVKLIRRYAYAEAKQFRSLLHT,0
VSFAQLYF,0
DFRESAISRLKSSCIH,0
TADEIFDDHLNNFNRQQASANRLQKEFNNYIRCVRAAQAASKTLMDSVCEIY,0
NKKKRDDFEKLTNY,0
FPENLRHLKNT,0
LVIQAYFA,0
QKEQLSALMD,0
IGAIGIARALYYSGH,0
DKAVIDEIFQGLD,0
IRTTVRNNGGGHLNHTIFWQI,0
GEGWAKSILFN,0
IKAHVNSLGENLKTLRLRLRRC,0
VPELTQQMF,0
SVSNAYKYMVVLEEK,0
KEYVRTRRALILEILI,0
FPALTLAMESIKSG,0
ANELSLMTL,0
LTYENTQCVSCHG,0
TNSINEKMNKLENKYIDAYHVIFKEGNL,0
DHNLAIVTQLE,0
TKKANKLETIILSYMDSDQSQMT,0
PLKVFKQAVENV,0
SAGRISKRMEELADDA,0
SQSQKEHYKKLAEEQQRQYKVHLDLWVKSL,0
SRDSWLALLDEA,0
SPEEAAALVDGLR,0
NPEQFADAFARAWFKLTHR,0
HVALNHHINQALKAHVA,0
VGTTAYMG,0
MFEKIRKILADIEDSQNEIEMLLKLAN,0
DLAGAEERLRMFLEQYW,0
GAIKQLAKLMLNSLYGKFA,0
MEADLYGCAD,0
TPFESALIDSLADAYTDYRA,0
WLPAALDECRLMQMRRQE,0
HYAAWLQEAL,0
QERLKAIEAEIA,0
SSGDRQTVCNCLKGIARG,0
GSIGCSTLDVVRH,0
SPAVIDYVNRLEEIRDNV,0
GNDAGVKMLRGVNVLADAVKVT,0
VSFDEYWK,0
EPERKMWVDRYLAFTEEK,0
FEILEAITKFLN,0
WEQELAQLEA,0
TKELVTLS,0
VKLWSCVI,0
AMEPILGL,0
SKETVEFHH,0
ENLISYFN,0
DSIVALGA,0
LLERIRSDWARLN,0
YPQQLEILRQQVVSEG,0
GTDIKDYADYEAYVAGSL,0
NGAFLDEFR,0
EDYDRLRPLS,0
DIYGILNDIELIIHKCS,0
DSIDVIDLVMFFEDEFA,0
SRYDTLVSVLEREF,0
LATDLALYLVR,0
NETEFYKISHMMN,0
TVLYDEIVKLLREVAE,0
SDERLERLLS,0
EKELSWLSFNERVLQEAAD,0
HARRRYEEMKEVQDMLAEVI,0
PTASERIVSLARYVRALTHVAFEN,0
NLAVIETLKQTYDEALTFFEN,0
KKQFREFLDYQKWRK,0
QQTFLNQLREI,0
VALIRVASKL,0
TFTEYKKKLAERLKAKL,0
HDKHIEIVVRQM,0
SGPAYVFYLLDALQNAAIRQ,0
LRVKTHALESAVEVATMIL,0
RRTAELECAIEEVKKICSLRLHS,0
PEVRLNIIS,0
GTTIAGLMELERLG,0
NASAIVRSTIQQALQ,0
GKSVIASQALSK,0
DPFARKITEGVVKDEYTHLNYGEAWLKANLESCREELLEANRENLPLIRRMLDQVAGDAAVL,0
AYRAKLADMVGNYKDVIKVLTES,0
TWADFYWEICSTTLLVFK,0
DSSASAITACGLLEIASQ,0
NAEGIMSN,0
APVKAREQLEAIVSSK,0
DDAHLAALESK,0
EWLNDIMEFSRSLHNLE,0
EIQSLITAHEQFKA,0
PYQEIKNVILE,0
GHFEHLMVALV,0
DDTADILTAASRDLDKFLWFIECN,0
SVDLMKTALELAYGTVT,0
SEEMNAFLDV,0
TEEQIAEFKEAFSLF,0
DVIWKVVEEL,0
TSRTTRVAGILRDAIID,0
APLLNFVRDFVREDAKYLY,0
PETVESLFYLYRVTG,0
HAGHLAGAY,0
VNKTRKIYDFLIRE,0
RAEISMLEGAVLDIRYGVSRI,0
GVEEAMNWLLSHM,0
KYEHLSQVVNKN,0
KEFDLNFIDKLIS,0
DYRQLVHELDEAEYRDIRLMVMEIRNAYAVLYDIILK,0
APHAAIINGIYNACG,0
AINEDFYN,0
DPVLFQLYKDLVV,0
YKSDFLKALS,0
TLDEFVSN,0
GCYQQMEEA,0
DPNILEPIK,0
AKNVDYCKEWLVNHIK,0
TKLMIDEKYAKELDKAEIDHHK,0
GKDAFLLIQRLTRIILHE,0
SPKEAYAYLEKLRSIIQYTG,0
GLWSKIKEVGKEAAKAAAKAAGKAALGAVSEAV,1
GLFDIIKKIAESI,1
GLFDIIKKIAESF,1
GLFDIVKKVVGALGSL,1
GLFDIVKKVVGAIGSL,1
GLFDIVKKVVGAFGSL,1
KWKLFKKIKFLHSAKKF,1
KSSAYSLQMGATAIKQVKKLFKKWGW,1
GIGASILSAGKSALKGLAKGLAEHFAN,1
GIGSAILSAGKSALKGLAKGLAEHFAN,1
GIGAAILSAGKSALKGLAKGLAEHF,1
GIGAAILSAGKSIIKGLANGLAEHF,1
LIGPVLGLVGSALGGLLKKI,1
GIGGVLLSAGKAALKGLAKVLAEKYAN,1
GIFSKLGRKKIKNLLISGLKNVGKEVGMDVVRTGIDIAGCKIKGEC,1
GIFSKLAGKKLKNLLISGLKNVGKEVGMDVVRTGIDIAGCKIKGEC,1
GILDTLKQFAKGVGKDLVKGAAQGVLSTVSCKLAKTC,1
FLPLIGRVLSGIL,1
LLPIVGNLLKSLL,1
FVQWFSKFLGRIL,1
SWLSKTAKKLENSAKKRISEGIAIAIQGGPR,1
GWLKKIGKKIERVGQHTRDATIQTIGVAQQAANVAATLK,1
KWKLFKKIEKVGQNIRDGIIKAGPAVAVVGQATQIAK,1
KKLLKWLKKLL,1
GIGKFLHSAKKFGKAFVGEIMNS,1
VNYGNGVSCSKTKCSVNWGQAFQERYTAGINSFVSGVASGAGSIGRRP,1
GIGAVLKVLTTGLPALISWIKRKRQQ,1
AKIPIKAIKTVGKAVGKGLRAINIASTANDVFNFLKPKKRKA,1
RGLRRLGRKIAHGVKKYGPTVLRIIRIAG,1
ALWKTMLKKLGTMALHAGKAALGAAADTISQGTQ,1
ALWFTMLKKLGTMALHAGKAALGAAANTISQGTQ,1
ALWKNMLKGIGKLAGKAALGAVKKLVGAES,1
ALWMTLLKKVLKAAAKAALNAVLVGANA,1
GLWSKIKTAGKSVAKAAAKAAVKAVTNAV,1
GLWNKIKEAASKAAGKAALGFVNEMV,1
ALWKDILKNVGKAAGKAVLNTVTDMVNQ,1
ALWKTIIKGAGKMIGSLAKNLLGSQAQPES,1
GWGSFFKKAAHVGKHVGKAALTHYL,1
GWMSKIASGIGTFLSGMQQ,1
RSGRGECRRQCLRRHEGQPWETQECMRRCRRRG,1
LKLKSIVSWAKKVL,1
INLKALAALAKKIL,1
GMASKAGAIAGKIAKVALKAL,1
GWLKKIGKKIERVGQHTRDATIQGLGIAQQAANVAATAR,1
SDEKASPDKHHRFSLSRYAKLANRLANPKLLETFLSKWIGDRGNRSV,1
GLLSVLGSVAKHVLPHVVPVIAEHL,1
GLLGVLGSVAKHVLPHVVPVIAEHL,1
GLLSVLGSVAQHVLPHVVPVIAEHL,1
GLLSSLSSVAKHVLPHVVPVIAEHL,1
GLLSVLGSVVKHVIPHVVPVIAEHL,1
GLFSVLGAVAKHVLPHVVPVIAEK,1
GLFKVLGSVAKHLLPHVAPVIAEK,1
GLFKVLGSVAKHLLPHVVPVIAEK,1
GLFGVLGSIAKHVLPHVVPVIAEK,1
GLWQKIKSAAGDLASGIVEGIKS,1
GLFVGVLAKVAAHVVPAIAEHF,1
VFQFLGKIIHHVGNFVHGFSHVF,1
VFQFLGRIIHHVGNFVHGFSHVF,1
VFHLLGKIIHHVGNFVYGFSHVF,1
AFKLLGRIIHHVGNFVYGFSHVF,1
LFKLLGKIIHHVGNFVHGFSHVF,1
GLLRKGGEKIGEKLKKIGQKIKNFFQKLVPQPEQ,1
TRSSRAGLQFPVGRVHRLLRK,1
LLGDFFRKSKEKIGKEFKRIVQRIKDFLRNLVPRTES,1
SLGSFLKGVGTTLASVGKVVSDQFGKLLQAGQG,1
GVIDAAKKVVNVLKNLF,1
GFGKAFHSVSNFAKKHKTA,1
GFGPAFHSVSNFAKKHKTA,1
GWLRKAAKSVGKFYYKHKYYIKAAWQIGKHAL,1
GWLRKAAKSVGKFYYKHKYYIKAAWKIGRHAL,1
FFGWLIKGAIHAGKAIHGLIHRRRH,1
FFGWLIRGAIHAGKAIHGLIHRRRH,1
FIGLLISAGKAIHDLIRRRH,1
GLFDVIKKVASVIGGL,1
FGLPMLSILPKALCILLKRKC,1
GRFKRFRKKFKKLFKKLSPVIPLLHLG,1
GGLRSLGRKILRAWKKYGPIIVPIIRIG,1
RIIDLLWRVRRPQKPKFVTVWVR,1
VGRFRRLRKKTRKRLKKIGKVLKWIPPIVGSIPLGCG,1
GLLSRLRDFLSDRGRRLGEKIERIGQKIKDLSEFFQS,1
GKVWDWIKSTAKKLWNSEPVKELKNTALNAAKNLVAEKIGATPS,1
GWKDWAKKAGGWLKKKGPGMAKAALKAAMQ,1
GLVDVLGKVGGLIKKLLP,1
LLKELWTKIKGAGKAVLGKIKGLL,1
FKLGSFLKKAWKSKLAKKLRAKGKEMLKDYAKGLLEGGSEEVPGQ,1
WLGSALKIGAKLLPSVVGLFKKKKQ,1
HVDKKVADKVLLLKQLRIMRLLTRL,1
SIGSALKKALPVAKKIGKIALPIAKAALP,1
SIGSAFKKALPVAKKIGKAALPIAKAALP,1
GLRKRLRKFRNKIKEKLKKIGQKIQGFVPKLAPRTDY,1
HSSGYTRPLRKPSRPIFIRPIGCDVCYGIPSSTARLCCFRYGDCCHL,1
GLLGPLLKIAAKVGSNLL,1
GYFCESCRKIIQKLEDMVGPQPNEDTVTQAASQVCDKLKILRGLCKKIMRSFLRRISWDILTGKKPQAICVDIKICKE,1
ILGKIWEGIKSLF,1
KKKKPLFGLFFGLF,1
SSLLEKGLDGAKKAVGGLGKLGKDAVEDLESVGKGAVHDVKDVLDSV,1
GLMSVLGHAVGNVLGGLFKS,1
GWFGKAFRSVSNFYKKHKTYIHAGLSAATLL,1
GLLKRIKTLL,1
FFHHIFRGIVHVGKTIHRLVTG,1
FIHHIFRGIVHAGRSIGRFLTG,1
GLNTLKKVFQGLHEAIKLINNHVQ,1
GLNALKKVFQGIHEAIKLINNHVQ,1
GINTLKKVIQGLHEVIKLVSNHE,1
GINTLKKVIQGLHEVIKLVSNHA,1
FSFKRLKGFAKKLWNSKLARKIRTKGLKYVKNFAKDMLSEGEEAPPAAEPPVEAPQ,1
RGFRKHFNKLVKKVKHTISETAHVAKDTAVIAGSGAAVVAAT,1
GFGALFKFLAKKVAKTVAKQAAKQGAKYVVNKQME,1
RQRVEELSKFSKKGAAARRRK,1
NLVSGLIEARKYLEQLHRKLKNCKV,1
KWKLFKKIPKFLHLAKKF,1
AKKVFKRLEKLFSKIQNDK,1
GLVRKGGEKFGEKLRKIGQKIKEFFQKLALEIEQ,1
VGALAVVVWLWLWLW,1
FLRFIGSVIHGIGHLVHHIGVAL,1
LAHQKPFIRKSYKCLHKRCR,1
DSHAKRHHGYKRKFHEKHHSHRGY,1
GLLSKVLGVGKKVLCGVSGLC,1
VAIALKAAHYHTHKE,1
ILQKAVLDCLKAAGSSLSKAAITAIYNKIT,1
FLGGLIKIVPAMICAVTKKC,1
ILGTILGLLKGL,1
GVVDILKGAAKDIAGHLASKVMNKL,1
GLGSVFGRLARILGRVIPKVAKKLGPKVAKVLPKVMKEAIPMAVEMAKSQEEQQPQ,1
IDWKKLLDAAKQIL,1
ILGTILGLLKSL,1
FLSLIPHAINAVSAIAKHN,1
RFGRFLRKIRRFRPKVTITIQGSARFG,1
GKIPVKAIKKAGAAIGKGLRAINIASTAHDVYSFFKPKHKKK,1
KGRGKQGGKVRAKAKTRSS,1
GFMKYIGPLIPHAVKAISDLI,1
RVKRVWPLVIRTVIAGYNLYRAIKKK,1
GKVWDWIKSAAKKIWSSEPVSQLKGQVLNAAKNYVAEKIGATPT,1
GILSSFKGVAKGVAKDLAGKLLETLKCKITGC,1
ILPILSLIGGLLGK,1
KRIVQRIKDFLR,1
RVKRFWPLVPVAINTVAAGINLYKAIRRK,1
ALLGDFFRKSKEKIGKEFKRIVQRIKDFLRNLVPRTES,1
KRIVQRIKDFLRNLVPRTES,1
KSKEKIGKEFKRIVQRIKDFLRNLVPRTES,1
RKSKEKIGKEFKRIVQRIKDFLRNLVPRTES,1
LLGDFFRKSKEKIGKEFKRIVQR,1
LLGDFFRKSKEKIGKEFKRIVQRIKDFLR,1
GEILCNLCTGLINTLENLLTTKGADKVKDYISSLCNKASGFIATLCTKVLDFGIDKLIQLIEDKVDANAICAKIHAC,1
GFFALIPKIISSPLFKTLLSAVGSALSSSGEQE,1
GFFALIPKIISSPLFKTLLSAVGSALSSSGGQE,1
GFFAFIPKIISSPLFKTLLSAVGSALSSSGDQE,1
FWGALAKGALKLIPSLFSSFSKKD,1
RLGNFFRKVKEKIGGGLKKVGQKIKDFLGNLVPRTAS,1
GLRKKFRKTRKRIQKLGRKIGKTGRKVWKAWREYGQIPYPCRI,1
RLKELITTGGQKIGEKIRRIGQRIKDFFKNLQPREEKS,1
GLFGRLRDSLQRGGQKILEKAERIWCKIKDIFR,1
KRFGRLAKSFLRMRILLPRRKILLAS,1
KRRHWFPLSFQEFLEQLRRFRDQLPFP,1
KRFHSVGSLIQRHQQMIRDKSEATRHGIRIITRPKLLLAS,1
GFFKKAWRKVKHAGRRVLDTAKGVGRHYVNNWLNRYR,1
GWFKKAWRKVKNAGRRVLKGVGIHYGVGLI,1
GFKRIVQRIKDFLRNLV,1
GLLNGLALRLGKRALKKIIKRLCR,1
SLLSLIRKLIT,1
LLGDFFRKAREKIGEEFKRIVQRIKDFLRNLVPRTES,1
SLGNFFRKARKKIGEEFKRIVQRIKDFLQHLIPRTEA,1
RLGNFFRKAKKKIGRGLKKIGQKIKDFLGNLVPRTES,1
RLGDILQKAREKIEGGLKKLVQKIKDFFGKFAPRTES,1
GLVTSLIKGAGKLLGGLFGSVTGGQS,1
FLSLIPHAINAVSTLVHHF,1
FLSLIPHAINAVSALANHG,1
GLRSKIWLWVLLMIWQESNKFKKM,1
IYWIADQFGIHLATGTARKLLDAMASGASLGTAFAAILGVTLPAWALAAAGALGATAA,1
FRGLAKLLKIGLKSFARVLKKVLPKAAKAGKALAKSMADENAIRQQNQ,1
GKFSVFGKILRSIAKVFKGVGKVRKQFKTASDLDKNQ,1
GKFSGFAKILKSIAKFFKGVGKVRKGFKEASDLDKNQ,1
GKLSGISKVLRAIAKFFKGVGKARKQFKEASDLDKNQ,1
GKFSVFSKILRSIAKVFKGVGKVRKGFKTASDLDKNQ,1
GRRRRSVQWCAVSQPEATKCFQWQRNMRKVRGPPVSCIKRDSPIQCIQA,1
IIGPVLGLVGSALGGLLKKI,1
RSALSCQMCELVVKKYEGSADKDANVIKKDFDAECKKLFHTIPFGTRECDHYVNSKVDPIIHELEGGTAPKDVCTKLNECP,1
HHQELCTKGDDALVTELECIRLRISPETNAAFDNAVQQLNCLNRACAYRKMCATNNLEQAMSVYFTNEQIKEIHDAATACDPEAHHEHDH,1
LLPIVGNLLNSLL,1
LSPNLLKSLL,1
FLPILASLAAKFGPKLFCLVTKKC,1
KRFKKFFKKLKNSVKKRAKKFFKKPRVIGVSIPF,1
KRFKKFFKKLKKSVKKRAKKFFKKPRVIGVSIPF,1
KRFKKFFKKLKNSVKKRAKKFFKKPKVIGVTFPF,1
FLSGIVGMLGKLF,1
FLPIVTNLLSGLL,1
FLSHIAGFLSNLF,1
NKGCATCSIGAACLVDGPIPDFEIAGATGLFGLWG,1
MAKEFGIPAAVAGTVINVVEAGGWVTTIVSILTAVGSGGLSLLAAAGRESIKAYLKKEIKKKGKRAVIAW,1
GLWSKIKTAGKEAAKAAAKAAGKAALNAVSEAI,1
GLWKSLLKNVGKAAGKAALNAVTDMVNQ,1
ALWKTMLKKLGTVALHAGKAALGAAADTISQ,1
GLWSNIKTAGKEAAKAALKAAGKAALGAVTDAV,1
GLWSKIKEAGKAVLTAAGKAALGAVSDAV,1
ALWKTLLKGAGKVFGHVAKQFLGSQGQPES,1
GLWSKIKEAAKTAGKMAMGFVNDMV,1
GLRSKIKEAAKTAGKMALGFVNDMA,1
GLWSKIKAAGKEAAKAAAKAAGKAALNAVSEAV,1
KWKLFKKIGAVLKVL,1
SMWSGMWRRKLKKLRNALKKKLKGE,1
GLFGKLIKKFGRKAISYAVKKARGKH,1
SWKSMAKKLKEYMEKLKQRA,1
SWASMAKKLKEYMEKLKQRA,1
GLKDKFKSMGEKLKQYIQTWKAKF,1
SLKDKVKSMGEKLKQYIQTWKAKF,1
GFFGKMKEYFKKFGASFKRRFANLKKRL,1
QAFQTFKPDWNKIRYDAMKMQTSLGQMKKRFNL,1
GETFDKLKEKLKTFYQKLVEKAEDLKGDLKAKLS,1
MSWLNFLKYIAKYGKKAVSAAWKYKGKVLEWLNVGPTLEWVWQKLKKIAGL,1
GTWDDIGQGIGRVAYWVGKALGNLSDVNQASRINRKKKH,1
ALYKKFKKKLLKSLKRL,1
KWKIFKKIEHMGQNIRDGLIKAGPAVQVVGQAATIYKG,1
GRDYRTCLTIVQKLKKMVDKPTQRSVSNAATRVCRTGRSRWRDVCRNFMRRYQSRVTQGLVAGETAQQICEDLR,1
LVAYGIAQGTAEKVVSLINAGLTVGSIISILGGVTVGLSGVFTAVKAAIAKQGIKKAIQL,1
FNRGGYNFGKSVRHVVDAIGSVAGILKSIR,1
GAWKNFWSSLRKGFYDGEAGRAIRR,1
MGAIAKLVAKFGWPIVKKYYKQIMQFIGEGWAINKIIDWIKKHI,1
CSTNTFSLSDYWGNNGAWCTLTHECMAWCK,1
GFKDLLKGAAKALVKTVLF,1
VGALAVVVWLFLWLW,1
VGALAVVVWLYLWLW,1
KFFRKLKKSVKKRAKEFFKKPRVIGVSIPF,1
ALKAALLAILKIVRVIKK,1
FASLLGKALKALAKQ,1
GLLSFLPKVIGVIGHLIHPPS,1
GILDAIKAIAKAAG,1
GFLSILKKVLPKVMAHMK,1
MRKEFHNVLSSGQLLADKRPARDYNRK,1
AALKGCWTKSIPPKPCFGKR,1
GVLGAVKDLLIGAGKSAAQSVLKTLSCKLSNDC,1
GLGGAKKNFIIAANKTAPQSVKKTFSCKLYNG,1
GFMDTAKNVAKNVAVTLIDNLKCKITKAC,1
FMPILSCSRFKRC,1
GIFGKILGVGKKVLCGLSGWC,1
TSRCYIGYRRKVVCS,1
GCSRWIIGIHGQICRD,1
NPANPLNLKKHHGVFCDVCKALVEGGEKVGDDDLDAWLDVNIGTLCWTMLLPLHHECEEELKKVKKELKKDIENKDSPDKACKDVDLC,1
GAILCNLCKDTVKLVENLLTVDGAQAVRQYIDNLCGKASGFLGTLCEKILSFGVDELVKLIENHVDPVVVCEKIHAC,1
IPVLCPVCTSLVGKLIDLVLGGAVDKVTDYLETLCAKADGLVETLCTKIVSYGIDKLIEKILEGGSAKLICGLIHAC,1
IFGAILPLALGALKNLIK,1
FWGHIWNAVKRVGANALHGAVTGALS,1
GFWKKVGSAAWGGVKAAAKGAAVGGLNALAKHIQ,1
FFRHLFRGAKAIFRGARQGWRAHKVVSRYRNRDVPETDNNQEEP,1
GVVTDLLNTAGGLLGNLVGSLSG,1
FFGSVLKLIPKIL,1
GILSSFKGVAKGVAKNLAGKLLDELKCKITGC,1
IIPLPLGYFAKKT,1
FFPLALLCKVFKKC,1
VGKTWIKVIRGIGKSKIKWQ,1
GLKEIFKAGLGSLVKGIAAHVAS,1
ILGKLLSTAAGLLSNL,1
VNWKKVLGKIIKVAK,1
VNWKKILGKIIKVAK,1
VNWKKILGKIIKVVK,1
RPKPQQFFGLM,1
YPSKPDNPGEDAPAEDMARYYSALRHYINLITRQRY,1
ACDTATCVTHRLAGLLSRSGGVVKNNFVPTNVGSKAF,1
RILSILRHQNLLKELQDLAL,1
YRQSMNNFQGLRSFGCRFGTCTVQKLAHQIYQFTDKDKDNVAPRSKISPQGY,1
TITLSTCAILSKPLGNNGYLCTVTKECMPSSCN,1
AACSDRAHGHICESFKSFCKDSGRNGVKLRANCKKTCGLC,1
LNLKGIFKKVASLLT,1
GAARKSIRLHRLYTWKATIYTR,1
GSCSCSGTISPYGLRTCRATKTKPSHPTTKETHPQTLPT,1
GKWGWIYITILFADVGGFKSSRHPEERRVQERRFKRITRGPD,1
KRRGSVTTRYQFLMIHLLRPKKLFA,1
FFFLSRIF,1
AGANDLCQECEDIVHLLTKMTKEDAFQDTIRKFLEQECDILPLKLLVPRCRQVLDVYLPLVIDYFQGQIKPKAICSHVGLC,1
IFGAIAGLLKNIF,1
FFGHLFKLATKIIPSLFQ,1
GMWSKIKNAGKAAKAAAKAAGKAALGAVSEAM,1
LGAWLAGKVAGTVATYAWNRYV,1
DSHEERRQGRHGHHEYGRKFHEKHHSHRGY,1
DSHEKRHHEHRRKFHEKHHSHRGY,1
GNAACVIGCIGSCVISEGIGSLVGTAFTLG,1
FLLFPLMCKIQGKC,1
GIHDILKYGKPS,1
FVLPLVMCKILRKC,1
GWANTLKNVAGGLCKITGAA,1
GLGKAQCAALWLQCASGGTIGCGGGAVACQNYRQFCR,1
WRSLGRTLLRLSHALKPLARRSGW,1
GFKLKGMARISCLPNGQWSNFPPKCIRECAMVSS,1
RRWVRRVRRWVRRVVRVVRRWVRR,1
INWKKIFEKVKNLV,1
INWLKLGKKILGAL,1
INWLKLGKKMMSAL,1
INWKKIASIGKEVLKAL,1
IDWLKLGKMVIDAL,1
IDWLKLGKMVMDVL,1
FFHHIFRGIVHVGKTIHKLVTG,1
GIFSKLAGKKIKNLLISGLKNIGKEVGMDVVRTGIDIAGCKIKGEC,1
VIPFVASVAAEMMHHVYCAASKRC,1
DAEFRHDSGYEVHHQKLVFFAEDVGSNKGAIIGLMVGGVV,1
DAEFRHDSGYEVHHQKLVFFAEDVGSNKGAIIGLMVGGVVIA,1
GRGREFMSNLKEKLSGVKEKMKNS,1
VKLIQIRIWIQYVTVLQMFSMKTKQ,1
RWKIFKKIEKVGRNVRDGIIKAGPAVAVVGQAATVVK,1
GIWSSIKNLASKAWNSDIGQSLRNKAAGAINKFVADKIGVTPSQAAS,1
GSGRGSCRSQCMRRHEDEPWRVQECVSQCRRRRGGGD,1
KPAWCWYTLAMCGAGYDSGTCDYMYSHCFGIKHHSSGSSSYHC,1
QLGELIQQGGQKIVEKIQKIGQRIRDFFSNLRPRQEA,1
FLWGLIPGAISAVTSLIKK,1
FVDLKKIANIINSIFGK,1
GIRCPKSWKCKAFKQRVLKRLLAMLRQHAF,1
GMWSKILGHLIR,1
GKWMSLLKHILK,1
GFGMALKLLKKVL,1
GLPRKILCAIAKKKGKCKGPLKLVCKC,1
FIGAIARLLSKIF,1
IFGAIWNGIKSLF,1
GKIPVKAIKQAGKVIGKGLRAINIAGTTHDVVSFFRPKKKKH,1
GFWGKLWEGVKSAI,1
KPFKKLEKVGRNIRDGIIKAGPAVAVIGQATSIARPTGK,1
FFHHIFRGIVHVGKTIHKLVTGT,1
FFHHIFRGIVHVGKTIHRLVTGT,1
MSNTQAERSIIGMIDMFHKYTRRDDKIDKPSLLTMMKENFPNFLSACDKKGTNYLADVFEKKDKNEDKKIDFSEFLSLLGDIATDYHKQSHGAAPCSGGSQ,1
MQFITDLIKKAVDFFKGLFGNK,1
FLPAALAGIGGILGKLF,1
FIHHIIGWISHGVRAIHRAIHG,1
FLHHIVGLIHHGLSLFGDRAD,1
YSLQMGATAIKQVKKLFKKKGG,1
KIKIPWGKVKDFLVGGMKAV,1
GFFGNTWKKIKGKADKIMLKKAVKIMVKKEGISKEEAQAKVDAMSKKQIRLYLLKYYGKKALQKASEKL,1
KCNTATCATQRLANFLVHSSNNFGAILSSTNVGSNTY,1
PAAAAQAVAGLAPVAAEQ,1
RKCNFLCKLKEKLRTVITSHIDKVLRPQG,1
FLGALWNVAKSVF,1
FLSTLWNAAKSIF,1
IFKAIWSGIKSLF,1
RKGWFKAMKSIAKFIAKEKLKEHL,1
GKCSVLKKVACAAAIAGAVAACGGIDLPCVLAALKAAEGCASCFCEDHCHGVCKDLHLC,1
GLLSLLSLLGKLL,1
MGAIAKLVAKFGWPFIKKFYKQIMQFIGQGWTIDQIEKWLKRH,1
KVFERCELARTLKRLGMDGYRGISLANWMCLAKWESGYNTRATNYNAGDRSTDYGIFQINSRYWCNDGKTPGAVNACHLSCSALLQDNIADAVACAKRVVRDPQGIRAWVAWRNRCQNRDVRQYVQGCGV,1
ILPIRSLIKKLL,1
FLPLKKLRFGLL,1
LKLSPKTKDTLKKVLKGAIKGAIAIASMA,1
MLWSASMRIFASAFSTRGLGTRMLMYCSLPSRCWRK,1
INWKGIAAMAKKLL,1
ADDRCERMCQRYHDRREKKQCMKGCRYG,1
KLSPSLGPVSKGKLLAGQR,1
RLGTALPALLKTLLAGLNG,1
DWTCWSCLVCAACSVELLNLVTAATGASTAS,1
VAPIAKYLATALAKWALKQGFAKLKS,1
GILGKLWEGVKSIF,1
AIFIFIRWLLKLGHHGRAPP,1
FWGAVWKILSKVLPHIPGTVKWLQEKV,1
FFGRLKSVWSAVKHGWKAAKSR,1
AGLQFPVGRIGRLLRK,1
KKCKFFCKVKKKIKSIGFQIPIVSIPFK,1
FFSLIPSLVGGLISAFK,1
NLVNFHRMIKLTTGKEAALSYGFYGCHCGVGGRGSPKDATDRCCVTHDCCYKRLEKRGCGTKFLSYKFSNSGSRITCAKQDSCRSQLCECDKAAATCFARNKTTYNKKYQYYSNKHCRGSTPRC,1
IWLTALKFLGKNLGKHLAKQQLAKL,1
FIGAVAGLLSKIF,1
FLPLLAGLAANFLPKIFCKITRK,1
LPLLAGLAANFLPKIFCKITRK,1
FLPFIAGMAAKFLPKIFCAISKK,1
LIAGLAANFLPQILCKIARKC,1
KFFKRLLKSVRRAVKKFRKKPRLIGLSTLL,1
LTANLGISSYAAKKVIDIINTGSAVATIIALVTAVVGGGLITAGIVATAKSLIKKYGAKYAAAW,1
LPFFLLSLIPSAISAIKKI,1
FWGFLGKLAMKAVPSLIGGNKSSSK,1
GKLTKDKLKRGAKKALNVASKVAPIVAAGASIAR,1